x, p
0, 0.0
1, 0.0
2, 0.0
3, 0.0
4, 0.0
5, 0.0
6, 0.0
7, 0.0
8, 0.0
9, 0.0
10, 0.0
11, 0.0
12, 0.0
13, 0.0
14, 0.0
15, 0.0
16, 0.0
17, 0.0
18, 0.0
19, 0.0
20, 0.0
21, 0.0
22, 0.0
23, 0.0
24, 0.0
25, 0.0
26, 0.0
27, 0.0
28, 0.0
29, 0.0
30, 0.0
31, 0.0
32, 0.0
33, 0.0
34, 0.0
35, 0.0
36, 0.0
37, 0.0
38, 0.0
39, 0.0
40, 0.0
41, 0.0
42, 0.0
43, 0.0
44, 0.0
45, 0.0
46, 0.0
47, 0.0
48, 0.0
49, 0.0
50, 0.0
51, 0.0
52, 0.0
53, 0.0
54, 0.0
55, 0.0
56, 0.0
57, 0.0
58, 0.0
59, 0.0
60, 0.0
61, 0.0
62, 0.0
63, 0.0
64, 0.0
65, 0.0
66, 0.0
67, 0.0
68, 0.0
69, 0.0
70, 0.0
71, 0.0
72, 0.0
73, 0.0
74, 0.0
75, 0.0
76, 0.0
77, 0.0
78, 0.0
79, 0.0
80, 0.0
81, 0.0
82, 0.0
83, 0.0
84, 0.0
85, 0.0
86, 0.0
87, 0.0
88, 0.0
89, 0.0
90, 0.0
91, 0.0
92, 0.0
93, 0.0
94, 0.0
95, 0.0
96, 0.0
97, 0.0
98, 0.0
99, 0.0
100, 0.0
101, 0.0
102, 0.0
103, 0.0
104, 0.0
105, 0.0
106, 0.0
107, 0.0
108, 0.0
109, 0.0
110, 0.0
111, 0.0
112, 0.0
113, 0.0
114, 0.0
115, 0.0
116, 0.0
117, 0.0
118, 0.0
119, 0.0
120, 0.0
121, 0.0
122, 0.0
123, 0.0
124, 0.0
125, 0.0
126, 0.0
127, 0.0
128, 0.0
129, 0.0
130, 0.0
131, 0.0
132, 0.0
133, 0.0
134, 0.0
135, 0.0
136, 0.0
137, 0.0
138, 0.0
139, 0.0
140, 0.0
141, 0.0
142, 0.0
143, 0.0
144, 0.0
145, 0.0
146, 0.0
147, 0.0
148, 0.0
149, 0.0
150, 0.0
151, 0.0
152, 0.0
153, 0.0
154, 0.0
155, 0.0
156, 0.0
157, 0.0
158, 0.0
159, 0.0
160, 0.0
161, 0.0
162, 0.0
163, 0.0
164, 0.0
165, 0.0
166, 0.0
167, 0.0
168, 0.0
169, 0.0
170, 0.0
171, 0.0
172, 0.0
173, 0.0
174, 0.0
175, 0.0
176, 0.0
177, 0.0
178, 0.0
179, 0.0
180, 0.0
181, 0.0
182, 0.0
183, 0.0
184, 0.0
185, 0.0
186, 0.0
187, 0.0
188, 0.0
189, 0.0
190, 0.0
191, 0.0
192, 0.0
193, 0.0
194, 0.0
195, 0.0
196, 0.0
197, 0.0
198, 0.0
199, 0.0
200, 0.0
201, 0.0
202, 0.0
203, 0.0
204, 0.0
205, 0.0
206, 0.0
207, 0.0
208, 0.0
209, 0.0
210, 0.0
211, 0.0
212, 0.0
213, 0.0
214, 0.0
215, 0.0
216, 0.0
217, 0.0
218, 0.0
219, 0.0
220, 0.0
221, 0.0
222, 0.0
223, 0.0
224, 0.0
225, 0.0
226, 0.0
227, 0.0
228, 0.0
229, 0.0
230, 0.0
231, 0.0
232, 0.0
233, 0.0
234, 0.0
235, 0.0
236, 0.0
237, 0.0
238, 0.0
239, 0.0
240, 0.0
241, 0.0
242, 0.0
243, 0.0
244, 0.0
245, 0.0
246, 0.0
247, 0.0
248, 0.0
249, 0.0
250, 0.0
251, 0.0
252, 0.0
253, 0.0
254, 0.0
255, 0.0
256, 0.0
257, 0.0
258, 0.0
259, 0.0
260, 0.0
261, 0.0
262, 0.0
263, 0.0
264, 0.0
265, 0.0
266, 0.0
267, 0.0
268, 0.0
269, 0.0
270, 0.0
271, 0.0
272, 0.0
273, 0.0
274, 0.0
275, 0.0
276, 0.0
277, 0.0
278, 0.0
279, 0.0
280, 0.0
281, 0.0
282, 0.0
283, 0.0
284, 0.0
285, 0.0
286, 0.0
287, 0.0
288, 0.0
289, 0.0
290, 0.0
291, 0.0
292, 0.0
293, 0.0
294, 0.0
295, 0.0
296, 0.0
297, 0.0
298, 0.0
299, 0.0
300, 0.0
301, 0.0
302, 0.0
303, 0.0
304, 0.0
305, 0.0
306, 0.0
307, 0.0
308, 0.0
309, 0.0
310, 0.0
311, 0.0
312, 0.0
313, 0.0
314, 0.0
315, 0.0
316, 0.0
317, 0.0
318, 0.0
319, 0.0
320, 0.0
321, 0.0
322, 0.0
323, 0.0
324, 0.0
325, 0.0
326, 0.0
327, 0.0
328, 0.0
329, 0.0
330, 0.0
331, 0.0
332, 0.0
333, 0.0
334, 0.0
335, 0.0
336, 0.0
337, 0.0
338, 0.0
339, 0.0
340, 0.0
341, 0.0
342, 0.0
343, 0.0
344, 0.0
345, 0.0
346, 0.0
347, 0.0
348, 0.0
349, 0.0
350, 0.0
351, 0.0
352, 0.0
353, 0.0
354, 0.0
355, 0.0
356, 0.0
357, 0.0
358, 0.0
359, 0.0
360, 0.0
361, 0.0
362, 0.0
363, 0.0
364, 0.0
365, 0.0
366, 0.0
367, 0.0
368, 0.0
369, 0.0
370, 0.0
371, 0.0
372, 0.0
373, 0.0
374, 0.0
375, 0.0
376, 0.0
377, 0.0
378, 0.0
379, 0.0
380, 0.0
381, 0.0
382, 0.0
383, 0.0
384, 0.0
385, 0.0
386, 0.0
387, 0.0
388, 0.0
389, 0.0
390, 0.0
391, 0.0
392, 0.0
393, 0.0
394, 0.0
395, 0.0
396, 0.0
397, 0.0
398, 0.0
399, 0.0
400, 0.0
401, 0.0
402, 0.0
403, 0.0
404, 0.0
405, 0.0
406, 0.0
407, 0.0
408, 0.0
409, 0.0
410, 0.0
411, 0.0
412, 0.0
413, 0.0
414, 0.0
415, 0.0
416, 0.0
417, 0.0
418, 0.0
419, 0.0
420, 0.0
421, 0.0
422, 0.0
423, 0.0
424, 0.0
425, 0.0
426, 0.0
427, 0.0
428, 0.0
429, 0.0
430, 0.0
431, 0.0
432, 0.0
433, 0.0
434, 0.0
435, 0.0
436, 0.0
437, 0.0
438, 0.0
439, 0.0
440, 0.0
441, 0.0
442, 0.0
443, 0.0
444, 0.0
445, 0.0
446, 0.0
447, 0.0
448, 0.0
449, 0.0
450, 0.0
451, 0.0
452, 0.0
453, 0.0
454, 0.0
455, 0.0
456, 0.0
457, 0.0
458, 0.0
459, 0.0
460, 0.0
461, 0.0
462, 0.0
463, 0.0
464, 0.0
465, 0.0
466, 0.0
467, 0.0
468, 0.0
469, 0.0
470, 0.0
471, 0.0
472, 0.0
473, 0.0
474, 0.0
475, 0.0
476, 0.0
477, 0.0
478, 0.0
479, 0.0
480, 0.0
481, 0.0
482, 0.0
483, 0.0
484, 0.0
485, 0.0
486, 0.0
487, 0.0
488, 0.0
489, 0.0
490, 0.0
491, 0.0
492, 0.0
493, 0.0
494, 0.0
495, 0.0
496, 0.0
497, 0.0
498, 0.0
499, 0.0
500, 0.0
501, 0.0
502, 0.0
503, 0.0
504, 0.0
505, 0.0
506, 0.0
507, 0.0
508, 0.0
509, 0.0
510, 0.0
511, 0.0
512, 0.0
513, 0.0
514, 0.0
515, 0.0
516, 0.0
517, 0.0
518, 0.0
519, 0.0
520, 0.0
521, 0.0
522, 0.0
523, 0.0
524, 0.0
525, 0.0
526, 0.0
527, 0.0
528, 0.0
529, 0.0
530, 0.0
531, 0.0
532, 0.0
533, 0.0
534, 0.0
535, 0.0
536, 0.0
537, 0.0
538, 0.0
539, 0.0
540, 0.0
541, 0.0
542, 0.0
543, 0.0
544, 0.0
545, 0.0
546, 0.0
547, 0.0
548, 0.0
549, 0.0
550, 0.0
551, 0.0
552, 0.0
553, 0.0
554, 0.0
555, 0.0
556, 0.0
557, 0.0
558, 0.0
559, 0.0
560, 0.0
561, 0.0
562, 0.0
563, 0.0
564, 0.0
565, 0.0
566, 0.0
567, 0.0
568, 0.0
569, 0.0
570, 0.0
571, 0.0
572, 0.0
573, 0.0
574, 0.0
575, 0.0
576, 0.0
577, 5e-324
578, 2.5e-323
579, 8e-323
580, 2.87e-322
581, 1.013e-321
582, 3.56e-321
583, 1.251e-320
584, 4.3863e-320
585, 1.5356e-319
586, 5.3668e-319
587, 1.87244e-318
588, 6.521696e-318
589, 2.267645e-317
590, 7.8714203e-317
591, 2.7276935e-316
592, 9.436345e-316
593, 3.258960304e-315
594, 1.123628064e-314
595, 3.8675466805e-314
596, 1.3289824835e-313
597, 4.5590554878e-313
598, 1.56136214699e-312
599, 5.33834670624e-312
600, 1.82215567573e-311
601, 6.2092759133023e-311
602, 2.11239153994086e-310
603, 7.1744243346598e-310
604, 2.43265248963252e-309
605, 8.23483024590203e-309
606, 2.7829921359078763e-308
607, 9.389732939593052e-308
608, 3.1628574112328796e-307
609, 1.0636341507727482e-306
610, 3.5710208865279663e-306
611, 1.1969641203945493e-305
612, 4.0055269911243183e-305
613, 1.3382250045390174e-304
614, 4.463656041199821e-304
615, 1.486433751606241e-303
616, 4.941909615727928e-303
617, 1.640361570990999e-302
618, 5.436020222308595e-302
619, 1.7985411010158548e-301
620, 5.940987378839198e-301
621, 1.959282150059556e-300
622, 6.451141227207105e-300
623, 2.1206961851226013e-299
624, 6.960233633226419e-299
625, 2.280729356935395e-298
626, 7.461555468055953e-298
627, 2.4372034447506706e-297
628, 7.94807747586971e-297
629, 2.5878636996154174e-296
630, 8.412610883831055e-296
631, 2.730432185431169e-295
632, 8.847982778113138e-295
633, 2.8626648861882966e-294
634, 9.247220326364702e-294
635, 2.9824105871487363e-293
636, 9.603737236604555e-293
637, 3.087669365867126e-292
638, 9.911515456577258e-292
639, 3.176648459321436e-291
640, 1.0165275069833987e-290
641, 3.2478133140412255e-290
642, 1.0360625649775663e-289
643, 3.299931777718002e-289
644, 1.0494192982559916e-288
645, 3.332109647796097e-288
646, 1.0563716035120454e-287
647, 3.3438161421841203e-287
648, 1.0568110276525578e-286
649, 3.3348982814085374e-286
650, 1.0507494892808021e-285
651, 3.305583646767729e-285
652, 1.0383182988625545e-284
653, 3.2564714794341887e-284
654, 1.0197635458532505e-283
655, 3.188512583063388e-283
656, 9.954380747132552e-283
657, 3.1029789604425898e-282
658, 9.6579041200457e-282
659, 3.0014245277469366e-281
660, 9.313511261862523e-281
661, 2.8856385876379526e-280
662, 8.92717194483579e-280
663, 2.7575939883915773e-279
664, 8.505350132867645e-279
665, 2.619392040919127e-278
666, 8.054827176878556e-278
667, 2.4732063055839457e-277
668, 7.582524721308143e-277
669, 2.3212272988406137e-276
670, 7.095333594068122e-276
671, 2.165610015001229e-275
672, 6.59995433143216e-275
673, 2.0084259243348256e-274
674, 6.102754143969734e-274
675, 1.851620812867183e-273
676, 5.609644119457062e-273
677, 1.6969794913796257e-272
678, 5.1259793485917946e-272
679, 1.5460980421087085e-271
680, 4.6564835150579844e-271
681, 1.4003639117233596e-270
682, 4.205198374208257e-270
683, 1.2609438170398419e-269
684, 3.7754575106672246e-269
685, 1.1287791214380199e-268
686, 3.369882858170141e-268
687, 1.0045880776616257e-267
688, 2.9904017195504377e-267
689, 8.888741250558613e-267
690, 2.638281461035135e-266
691, 7.819392810712365e-266
692, 2.314178681550473e-265
693, 6.839015786169509e-265
694, 2.01819947119378e-264
695, 5.947154700724678e-264
696, 1.749967360213989e-263
697, 5.141941397013538e-263
698, 1.5086956992959913e-262
699, 4.420327313530501e-262
700, 1.2932614768729266e-261
701, 3.7783159837853103e-261
702, 1.1022779394291102e-260
703, 3.2111880795884965e-260
704, 9.341638049715047e-260
705, 2.7137127270666254e-259
706, 7.8720731799293e-259
707, 2.2803402931399286e-258
708, 6.596238588067365e-258
709, 1.905373290318894e-257
710, 5.496062674048696e-257
711, 1.583113411596338e-256
712, 4.553674532233227e-256
713, 1.307983932960047e-255
714, 3.751752233477005e-255
715, 1.0746277726097817e-254
716, 3.0737956400913648e-254
717, 8.779823529855909e-254
718, 2.5043284943101648e-253
719, 7.13333067642044e-253
720, 2.029036281293907e-252
721, 5.763476149917783e-252
722, 1.6348475283972688e-251
723, 4.6309373971788965e-251
724, 1.3099668217416326e-250
725, 3.700430415071537e-250
726, 1.043867973838276e-249
727, 2.940634952436687e-249
728, 8.272555470588879e-249
729, 2.3240320444128255e-248
730, 6.520024146521201e-248
731, 1.8266770796273267e-247
732, 5.11070308617002e-247
733, 1.427929047813838e-246
734, 3.9841944004384813e-246
735, 1.1101537594695136e-245
736, 3.0891235046097797e-245
737, 8.58415866680699e-245
738, 2.3821621882950858e-244
739, 6.601716050925542e-244
740, 1.8270695232840051e-243
741, 5.04971441792572e-243
742, 1.3937756237079585e-242
743, 3.841793374635383e-242
744, 1.0575259181793227e-241
745, 2.9071316515874356e-241
746, 7.98097268424133e-241
747, 2.1880899675127414e-240
748, 5.990920124957682e-240
749, 1.6381047284271961e-239
750, 4.47311797842341e-239
751, 1.219832972011554e-238
752, 3.3220983067531055e-238
753, 9.035401503632108e-238
754, 2.454178021146144e-237
755, 6.657161042785022e-237
756, 1.8034214041861856e-236
757, 4.879005331270286e-236
758, 1.318232574991099e-235
759, 3.5569701101231076e-235
760, 9.585098402004952e-235
761, 2.5795376514212503e-234
762, 6.932930590700582e-234
763, 1.860896703768628e-233
764, 4.988372315860943e-233
765, 1.3354492160634378e-232
766, 3.5704960763696994e-232
767, 9.53373658983715e-232
768, 2.5423297572870365e-231
769, 6.770729964801735e-231
770, 1.8008383075201114e-230
771, 4.783549745519399e-230
772, 1.2690038703143028e-229
773, 3.3621215089343096e-229
774, 8.896156137333479e-229
775, 2.3508810024832192e-228
776, 6.204386975634327e-228
777, 1.635339063847853e-227
778, 4.304851417430384e-227
779, 1.131750411153988e-226
780, 2.9715703103127137e-226
781, 7.792286806049008e-226
782, 2.0407421200502615e-225
783, 5.3377265157815205e-225
784, 1.3943448857559584e-224
785, 3.637730351628285e-224
786, 9.478462799155163e-224
787, 2.4665682099948346e-223
788, 6.410573215827896e-223
789, 1.6639865584298303e-222
790, 4.313727179322214e-222
791, 1.1168790471869086e-221
792, 2.888091273538575e-221
793, 7.458777967464906e-221
794, 1.9238762314067952e-220
795, 4.95609876971067e-220
796, 1.2751369698943496e-219
797, 3.2766380355647434e-219
798, 8.409216412076917e-219
799, 2.1554537186421638e-218
800, 5.517961519722873e-218
801, 1.4108346057907964e-217
802, 3.602729766409393e-217
803, 9.18853120997042e-217
804, 2.3405611838336666e-216
805, 5.9546202540322e-216
806, 1.5130350223629322e-215
807, 3.839771655262753e-215
808, 9.732490532151703e-215
809, 2.463799828165885e-214
810, 6.229459318618951e-214
811, 1.573111305120326e-213
812, 3.9676501882878094e-213
813, 9.994769478001855e-213
814, 2.5146545320569547e-212
815, 6.319033719820804e-212
816, 1.5859535610522731e-211
817, 3.975560456594836e-211
818, 9.953481436557624e-211
819, 2.4889780197879786e-210
820, 6.216374371373292e-210
821, 1.5506863230898597e-209
822, 3.863510449742971e-209
823, 9.614179102150874e-209
824, 2.3895435438366365e-208
825, 5.931860821547524e-208
826, 1.4707567751244954e-207
827, 3.642212666816524e-207
828, 9.008757900528237e-207
829, 2.2255652810974929e-206
830, 5.491515295998482e-206
831, 1.3533842751149529e-205
832, 3.3314074464352538e-205
833, 8.190543157624655e-205
834, 2.0112988473415244e-204
835, 4.933101843538341e-204
836, 1.2084919348763943e-203
837, 2.9569790712389757e-203
838, 7.226602789852803e-203
839, 1.7640146023397005e-202
840, 4.300835601895585e-202
841, 1.047337849308809e-201
842, 2.5474440800237314e-201
843, 6.188808393698465e-201
844, 1.5017392879512203e-200
845, 3.6397184162415016e-200
846, 8.811044109288757e-200
847, 2.130462613439491e-199
848, 5.1452681984949535e-199
849, 1.2411671696722366e-198
850, 2.9904827805735744e-198
851, 7.196837525996809e-198
852, 1.7299440438070423e-197
853, 4.1534881614480125e-197
854, 9.960589876630072e-197
855, 2.385881645302056e-196
856, 5.70827758128527e-196
857, 1.3641251442787575e-195
858, 3.2560935844804897e-195
859, 7.763072946464552e-195
860, 1.8486945807412127e-194
861, 4.3973594673125923e-194
862, 1.0447554743694459e-193
863, 2.4793270121768745e-193
864, 5.876923288121399e-193
865, 1.3914380224355615e-192
866, 3.2906063163374835e-192
867, 7.772966246659653e-192
868, 1.8339901927598686e-191
869, 4.322223147035027e-191
870, 1.0174612649578361e-190
871, 2.392377348603323e-190
872, 5.618794506815423e-190
873, 1.3181318613920169e-189
874, 3.0887117301262255e-189
875, 7.229350426628226e-189
876, 1.6901495061338892e-188
877, 3.946894171677499e-188
878, 9.206422851477991e-188
879, 2.1450232081700312e-187
880, 4.992054011741454e-187
881, 1.1604684013674e-186
882, 2.694602365081251e-186
883, 6.249768565896873e-186
884, 1.4479101835926346e-185
885, 3.3506441310722916e-185
886, 7.745055508384726e-185
887, 1.7882608434248403e-184
888, 4.1242772605138713e-184
889, 9.50114716481363e-184
890, 2.1863313925333116e-183
891, 5.025372269256155e-183
892, 1.1538074447812092e-182
893, 2.646133983103017e-182
894, 6.061837133550766e-182
895, 1.387110888213623e-181
896, 3.170539173060876e-181
897, 7.23886758798727e-181
898, 1.650913231650383e-180
899, 3.760923579997482e-180
900, 8.558190546481106e-180
901, 1.945302357288683e-179
902, 4.416828412115825e-179
903, 1.0017347273560325e-178
904, 2.2694167274621889e-178
905, 5.135652439598978e-178
906, 1.160906864933808e-177
907, 2.6213200213711225e-177
908, 5.912404629701165e-177
909, 1.3320797229526006e-176
910, 2.9979112885787842e-176
911, 6.739541513736114e-176
912, 1.5134409013287195e-175
913, 3.394881671323929e-175
914, 7.606912103802284e-175
915, 1.7026181408293636e-174
916, 3.806727022290619e-174
917, 8.501828725899633e-174
918, 1.8967042734911533e-173
919, 4.226823016436957e-173
920, 9.409275584431874e-173
921, 2.092312312367247e-172
922, 4.6475657437409836e-172
923, 1.031225855166231e-171
924, 2.285660769889039e-171
925, 5.060576493763768e-171
926, 1.1192290128766779e-170
927, 2.472687182707962e-170
928, 5.4569648170151526e-170
929, 1.2029993482510075e-169
930, 2.6491856615231843e-169
931, 5.827639349944541e-169
932, 1.2805799773272176e-168
933, 2.8109622653457687e-168
934, 6.163651733861296e-168
935, 1.3500704546477669e-167
936, 2.9540003110199723e-167
937, 6.456555642440891e-167
938, 1.4097042596726014e-166
939, 3.074626542927329e-166
940, 6.698760808424171e-166
941, 1.4579237126083146e-165
942, 3.169668538664868e-165
943, 6.883861258952528e-165
944, 1.49344786634725e-164
945, 3.2365938944786267e-164
946, 7.006917860346832e-164
947, 1.5153292268217516e-163
948, 3.2736226334662777e-163
949, 7.064677716898308e-163
950, 1.5229957857073826e-162
951, 3.2798058560769968e-162
952, 7.055716799628449e-162
953, 1.5162757613464347e-161
954, 3.2550657853638365e-161
955, 6.9804970978343e-161
956, 1.4954035623810432e-160
957, 3.200194875401284e-160
958, 6.841335182481787e-160
959, 1.4610067209302637e-159
960, 3.1168143379816226e-159
961, 6.642284874282951e-159
962, 1.4140747840474494e-158
963, 3.0072950755243803e-158
964, 6.38894223513794e-158
965, 1.3559123002661679e-157
966, 2.87464636743859e-157
967, 6.088185895052389e-157
968, 1.2880789992830386e-156
969, 2.722379556793723e-156
970, 5.747869414749502e-156
971, 1.2123209641004956e-155
972, 2.554355282381462e-155
973, 5.3764847053693396e-155
974, 1.1304969893818205e-154
975, 2.3746234197508235e-154
976, 4.9828163561999876e-154
977, 1.0445043907355517e-153
978, 2.1872648182283196e-153
979, 4.5756060753162444e-153
980, 9.562082900242492e-153
981, 1.9962431987489585e-152
982, 4.163244471522617e-152
983, 8.673778919300592e-152
984, 1.8052743116597116e-151
985, 3.753504355612772e-151
986, 7.796325476969701e-151
987, 1.617717788939625e-150
988, 3.353325943064043e-150
989, 6.943995481700647e-150
990, 1.4364952269202176e-149
991, 2.9686601662319036e-149
992, 6.128846794798876e-149
993, 1.2640360761077354e-148
994, 2.6043721165686142e-148
995, 5.360556879124707e-148
996, 1.1022510530569904e-147
997, 2.2642027649564382e-147
998, 4.646380022670847e-147
999, 9.52531159804198e-147
1000, 1.9507838152772083e-146
1001, 3.991214039648738e-146
1002, 8.157690971264985e-146
1003, 1.6656980168650624e-145
1004, 3.3977585045221086e-145
1005, 6.923989469907907e-145
1006, 1.4095755898972972e-144
1007, 2.866743602887001e-144
1008, 5.824494939200858e-144
1009, 1.1822166140229865e-143
1010, 2.397207550019472e-143
1011, 4.856064354536902e-143
1012, 9.827292290605308e-143
1013, 1.986801047497644e-142
1014, 4.0127894923824296e-142
1015, 8.096741754090265e-142
1016, 1.6320991252340632e-141
1017, 3.286665691721031e-141
1018, 6.612074004560521e-141
1019, 1.328903587963501e-140
1020, 2.6682299491626687e-140
1021, 5.352139995974122e-140
1022, 1.0725227702309346e-139
1023, 2.147142359171229e-139
1024, 4.294284718339293e-139
1025, 8.58019034454737e-139
1026, 1.712692965462651e-138
1027, 3.415379935021877e-138
1028, 6.804181037862877e-138
1029, 1.3542237867379213e-137
1030, 2.6926702089694256e-137
1031, 5.348776515976796e-137
1032, 1.0614626264266104e-136
1033, 2.104429292275401e-136
1034, 4.1681539560731295e-136
1035, 8.247709470573763e-136
1036, 1.6304352312475496e-135
1037, 3.2199916620974726e-135
1038, 6.35312420421958e-135
1039, 1.2522808826020588e-134
1040, 2.466030045738747e-134
1041, 4.851517323418047e-134
1042, 9.535419844866027e-134
1043, 1.8723432255333378e-133
1044, 3.6729491627282275e-133
1045, 7.198277402164655e-133
1046, 1.4093759196595147e-132
1047, 2.7568308342543568e-132
1048, 5.3873946073959284e-132
1049, 1.0518002055245945e-131
1050, 2.0515112580125323e-131
1051, 3.9976166093345296e-131
1052, 7.782432334522552e-131
1053, 1.513620267911469e-130
1054, 2.94107619419409e-130
1055, 5.709311891669872e-130
1056, 1.1072604880816709e-129
1057, 2.1453826675390847e-129
1058, 4.1528768460487387e-129
1059, 8.031248140429531e-129
1060, 1.5516977539246593e-128
1061, 2.9951715363232735e-128
1062, 5.775999346881427e-128
1063, 1.1128171836703365e-127
1064, 2.1419639024041435e-127
1065, 4.119006640490961e-127
1066, 7.913438648890815e-127
1067, 1.5189055625987093e-126
1068, 2.912657857866225e-126
1069, 5.580096625737487e-126
1070, 1.0680409242538497e-125
1071, 2.0423415619701086e-125
1072, 3.9017868646615166e-125
1073, 7.447212953239011e-125
1074, 1.4201016879189709e-124
1075, 2.705458843584564e-124
1076, 5.149423523846976e-124
1077, 9.792032847584275e-124
1078, 1.8603045706729516e-123
1079, 3.530958072969303e-123
1080, 6.695742716154749e-123
1081, 1.2685366403971541e-122
1082, 2.4010748979035125e-122
1083, 4.540536833708864e-122
1084, 8.57843121350717e-122
1085, 1.6192283064757873e-121
1086, 3.0535723495967237e-121
1087, 5.753188750664433e-121
1088, 1.082953176596527e-120
1089, 2.036628196205926e-120
1090, 3.826618849384998e-120
1091, 7.183240516537916e-120
1092, 1.3471864998050134e-119
1093, 2.5242799191229303e-119
1094, 4.7255258449366245e-119
1095, 8.838243772074945e-119
1096, 1.6515258435420173e-118
1097, 3.0832497060831543e-118
1098, 5.75090655561016e-118
1099, 1.0716885009906912e-117
1100, 1.995289136390428e-117
1101, 3.71149150892621e-117
1102, 6.897581316038439e-117
1103, 1.28071138125622e-116
1104, 2.3758124174028624e-116
1105, 4.403315684020599e-116
1106, 8.153698481802351e-116
1107, 1.50847104703875e-115
1108, 2.7882208522868786e-115
1109, 5.14903183542972e-115
1110, 9.500195674737744e-115
1111, 1.751251191887717e-114
1112, 3.22532593613643e-114
1113, 5.93483155185125e-114
1114, 1.0910713660847054e-113
1115, 2.004048571966293e-113
1116, 3.677680533502557e-113
1117, 6.742963055163669e-113
1118, 1.2352046813024975e-112
1119, 2.2606784515687215e-112
1120, 4.1338120257241904e-112
1121, 7.552227501054402e-112
1122, 1.3785171053629702e-111
1123, 2.5139831093346996e-111
1124, 4.580638263268695e-111
1125, 8.338797478376692e-111
1126, 1.5166835910942138e-110
1127, 2.756138415759168e-110
1128, 5.004052726492902e-110
1129, 9.077325052126761e-110
1130, 1.6451647528095726e-109
1131, 2.9790428061474067e-109
1132, 5.389646348937817e-109
1133, 9.7422733650701e-109
1134, 1.7594511333025485e-108
1135, 3.1747629259924347e-108
1136, 5.723516260944228e-108
1137, 1.0309376695187837e-107
1138, 1.855325436885187e-107
1139, 3.336002190288404e-107
1140, 5.993098671676651e-107
1141, 1.075711312847933e-106
1142, 1.9291215137581017e-106
1143, 3.4565536834410374e-106
1144, 6.187956244481677e-106
1145, 1.106806496829662e-105
1146, 1.977957858209161e-105
1147, 3.531698076385439e-105
1148, 6.300450923725311e-105
1149, 1.123004655507085e-104
1150, 1.9999248125918964e-104
1151, 3.5585108741864817e-104
1152, 6.326241554110097e-104
1153, 1.1236897400528936e-103
1154, 1.9942084814826536e-103
1155, 3.536051056338954e-103
1156, 6.264561040991318e-103
1157, 1.1088868636088574e-102
1158, 1.96114015256501e-102
1159, 3.465414178131964e-102
1160, 6.118248480012887e-102
1161, 1.0792569239507544e-101
1162, 1.9021671086492927e-101
1163, 3.349645948854056e-101
1164, 5.89353514025121e-101
1165, 1.036048065856569e-100
1166, 1.8197482323080168e-100
1167, 3.1935256039119115e-100
1168, 5.59960653837272e-100
1169, 9.810089127949064e-100
1170, 1.7171848319702036e-99
1171, 3.0032404234635697e-99
1172, 5.24798326556841e-99
1173, 9.162719290614633e-99
1174, 1.5984028200329708e-98
1175, 2.7859821067489175e-98
1176, 4.8517783627692086e-98
1177, 8.442176794349923e-98
1178, 1.4677061184061205e-97
1179, 2.5495013829539757e-97
1180, 4.4248973154953503e-97
1181, 7.673318968783239e-97
1182, 1.3295226098196632e-96
1183, 2.301658753096092e-96
1184, 3.98124757292335e-96
1185, 6.880670910831745e-96
1186, 1.1881630712813904e-95
1187, 2.0500067143924896e-95
1188, 3.534018308990198e-95
1189, 6.087190493519539e-95
1190, 1.0476105992211289e-94
1191, 1.8014328356036255e-94
1192, 3.0950792343265654e-94
1193, 5.313262591700883e-94
1194, 9.113535835693402e-94
1195, 1.5618846352720592e-93
1196, 2.6745315493615502e-93
1197, 4.575973778688392e-93
1198, 7.82269974854354e-93
1199, 1.3361875800684617e-92
1200, 2.280426803317188e-92
1201, 3.8886878377932294e-92
1202, 6.625651157909782e-92
1203, 1.127957902860149e-91
1204, 1.9186526453946773e-91
1205, 3.260913375741426e-91
1206, 5.537604140560388e-91
1207, 9.396034200393586e-91
1208, 1.5929700366238842e-90
1209, 2.6984306327596425e-90
1210, 4.567261104045029e-90
1211, 7.723989051262426e-90
1212, 1.3051757076714064e-89
1213, 2.2036272459252527e-89
1214, 3.717486490658464e-89
1215, 6.26618299000876e-89
1216, 1.0553571351606605e-88
1217, 1.7759830836542132e-88
1218, 2.9862178615151663e-88
1219, 5.017041985544209e-88
1220, 8.42205080852428e-88
1221, 1.4126421012170472e-87
1222, 2.367504929045738e-87
1223, 3.9645544519105635e-87
1224, 6.633502873783976e-87
1225, 1.1090133784089735e-86
1226, 1.852576997537185e-86
1227, 3.092157857340255e-86
1228, 5.156953820718402e-86
1229, 8.593524348919626e-86
1230, 1.430856737120209e-85
1231, 2.3804992669597266e-85
1232, 3.957193586630338e-85
1233, 6.572856825155004e-85
1234, 1.0908598685515498e-84
1235, 1.808972478376756e-84
1236, 2.9973912910262467e-84
1237, 4.962536268403475e-84
1238, 8.20942994967523e-84
1239, 1.3569743774757066e-83
1240, 2.241196391187233e-83
1241, 3.698606131467711e-83
1242, 6.098828790047257e-83
1243, 1.0048593211615163e-82
1244, 1.6543021621695065e-82
1245, 2.7212938378480054e-82
1246, 4.472881043269779e-82
1247, 7.345998698164525e-82
1248, 1.205497222263847e-81
1249, 1.9766679833446452e-81
1250, 3.238572823909498e-81
1251, 5.301836245697888e-81
1252, 8.672652261334505e-81
1253, 1.4175252858108631e-80
1254, 2.3150652195707247e-80
1255, 3.777891290583656e-80
1256, 6.1601284738213346e-80
1257, 1.0036549812560732e-79
1258, 1.633931161852297e-79
1259, 2.6578959646362373e-79
1260, 4.320135663141247e-79
1261, 7.016366247522827e-79
1262, 1.138630592307292e-78
1263, 1.846330524976669e-78
1264, 2.991522875910719e-78
1265, 4.843192766693205e-78
1266, 7.834801568872766e-78
1267, 1.2664304351269972e-77
1268, 2.045464929920479e-77
1269, 3.3011128262223537e-77
1270, 5.323369344964672e-77
1271, 8.577702925639703e-77
1272, 1.3810641188442426e-76
1273, 2.2218533506658112e-76
1274, 3.5717077411008276e-76
1275, 5.737143100998872e-76
1276, 9.208204600971078e-76
1277, 1.476773925043549e-75
1278, 2.3665359925558377e-75
1279, 3.7894180709607513e-75
1280, 6.063068913539373e-75
1281, 9.693337341864084e-75
1282, 1.5485144209155428e-74
1283, 2.471829722549099e-74
1284, 3.942606909481878e-74
1285, 6.283625642510265e-74
1286, 1.0006893713729613e-73
1287, 1.5923945863027738e-73
1288, 2.5320062987189617e-73
1289, 4.02292389431537e-73
1290, 6.386781500434897e-73
1291, 1.013178041278258e-72
1292, 1.6060283502601048e-72
1293, 2.5438097922172547e-72
1294, 4.0260606294117236e-72
1295, 6.367082756008988e-72
1296, 1.0061562873694013e-71
1297, 1.5887494807521758e-71
1298, 2.5067480250986253e-71
1299, 3.9521323752149134e-71
1300, 6.226128541882105e-71
1301, 9.801007881443156e-71
1302, 1.5416639125344345e-70
1303, 2.4231217903845975e-70
1304, 3.805639130910386e-70
1305, 5.972374666752453e-70
1306, 9.36556149885255e-70
1307, 1.4675340435805387e-69
1308, 2.2977903067707132e-69
1309, 3.5950149337424705e-69
1310, 5.620298155956758e-69
1311, 8.779840292449394e-69
1312, 1.3705116554075763e-68
1313, 2.1377059179532394e-68
1314, 3.331827792972032e-68
1315, 5.189036745258328e-68
1316, 8.075339858885502e-68
1317, 1.2557552035681545e-67
1318, 1.9512797093393854e-67
1319, 3.029735287887919e-67
1320, 4.7006802042401226e-67
1321, 7.287655608085374e-67
1322, 1.128980233385562e-66
1323, 1.7476579878862597e-66
1324, 2.703325951049619e-66
1325, 4.1784238096273655e-66
1326, 6.453553515934376e-66
1327, 9.95996804869354e-66
1328, 1.5359950725674457e-65
1329, 2.3669811201065785e-65
1330, 3.6447949879494897e-65
1331, 5.6082194855841855e-65
1332, 8.622847977827722e-65
1333, 1.3248006495603567e-64
1334, 2.0338768592916433e-64
1335, 3.120134687517797e-64
1336, 4.782960958099624e-64
1337, 7.326480211073353e-64
1338, 1.1214223820842254e-63
1339, 1.7152151146419563e-63
1340, 2.621463100589077e-63
1341, 4.0035469276716594e-63
1342, 6.109734804672293e-63
1343, 9.317004378237677e-63
1344, 1.4197340004917903e-62
1345, 2.1617957122766165e-62
1346, 3.2892701476551733e-62
1347, 5.001058101256102e-62
1348, 7.598046729496136e-62
1349, 1.1535062788761237e-61
1350, 1.7499117475068543e-61
1351, 2.6527159577337994e-61
1352, 4.0183152969243816e-61
1353, 6.082416650474198e-61
1354, 9.199992097603156e-61
1355, 1.3905227908418418e-60
1356, 2.10014061625429e-60
1357, 3.1695563611587937e-60
1358, 4.780008415063595e-60
1359, 7.203426956626274e-60
1360, 1.0847513534685123e-59
1361, 1.632307694271983e-59
1362, 2.454453860399756e-59
1363, 3.6879834967773774e-59
1364, 5.537382845601409e-59
1365, 8.308102613768963e-59
1366, 1.2456071854321404e-58
1367, 1.866132784026536e-58
1368, 2.793742647427203e-58
1369, 4.179390023324335e-58
1370, 6.2477304874270364e-58
1371, 9.332860713522142e-58
1372, 1.393126730415784e-57
1373, 2.07802151776556e-57
1374, 3.0973712288099955e-57
1375, 4.6133936557089644e-57
1376, 6.866446371291793e-57
1377, 1.0212405351045743e-56
1378, 1.517779837367417e-56
1379, 2.2541066765308327e-56
1380, 3.3452249808201757e-56
1381, 4.960912933170998e-56
1382, 7.351627848865509e-56
1383, 1.0886575440708026e-55
1384, 1.6109614524951211e-55
1385, 2.3821292813826872e-55
1386, 3.519913974224707e-55
1387, 5.197392804048445e-55
1388, 7.668775549472399e-55
1389, 1.130716510103658e-54
1390, 1.6659765558929597e-54
1391, 2.452854052101599e-54
1392, 3.608796766308042e-54
1393, 5.305682539406248e-54
1394, 7.794862152580881e-54
1395, 1.1443639920068775e-53
1396, 1.6788377189358557e-53
1397, 2.4611736924668106e-53
1398, 3.605496224735139e-53
1399, 5.278095974447139e-53
1400, 7.721100396897193e-53
1401, 1.128680486283505e-52
1402, 1.648742964272046e-52
1403, 2.4067181688054403e-52
1404, 3.510654422865919e-52
1405, 5.11730979219392e-52
1406, 7.453947691611728e-52
1407, 1.0849811565352938e-51
1408, 1.5781544095054085e-51
1409, 2.2938681551894978e-51
1410, 3.3318028239885234e-51
1411, 4.835954772181446e-51
1412, 7.014189357940987e-51
1413, 1.0166355134533991e-50
1414, 1.4724678440940195e-50
1415, 2.1311760739992424e-50
1416, 3.0823789544849883e-50
1417, 4.454983838234884e-50
1418, 6.434278491327778e-50
1419, 9.28640052869884e-50
1420, 1.3393343861136443e-49
1421, 1.930300367884303e-49
1422, 2.780066915205454e-49
1423, 4.0011082518216986e-49
1424, 5.754402879024818e-49
1425, 8.270187435947256e-49
1426, 1.1877520244612204e-48
1427, 1.7046364023127403e-48
1428, 2.4447446442076196e-48
1429, 3.5037348014993666e-48
1430, 5.017936275150559e-48
1431, 7.181504885751625e-48
1432, 1.0270755590791906e-47
1433, 1.4678651395671651e-47
1434, 2.0963652760311927e-47
1435, 2.99188577373676e-47
1436, 4.266979153627961e-47
1437, 6.081261869619537e-47
1438, 8.660934846290055e-47
1439, 1.2326333957756442e-46
1440, 1.7530786073259067e-46
1441, 2.4915371185336754e-46
1442, 3.538604728681963e-46
1443, 5.0222193238618385e-46
1444, 7.122926021657699e-46
1445, 1.0095330444543461e-45
1446, 1.4298227351597603e-45
1447, 2.023688294130494e-45
1448, 2.862233167381979e-45
1449, 4.045447568531063e-45
1450, 5.713845945076892e-45
1451, 8.064752925921482e-45
1452, 1.137507850708195e-44
1453, 1.6033145755322965e-44
1454, 2.2583137900190085e-44
1455, 3.1787124687063445e-44
1456, 4.4711559999325463e-44
1457, 6.284782078145824e-44
1458, 8.828006650259388e-44
1459, 1.2391883221189932e-43
1460, 1.738258687466346e-43
1461, 2.4366555728495083e-43
1462, 3.4133177928815253e-43
1463, 4.7781782910562275e-43
1464, 6.6842275547181374e-43
1465, 9.34423073859166e-43
1466, 1.3053877593893875e-42
1467, 1.8223818208787084e-42
1468, 2.5423964367583133e-42
1469, 3.544471002371153e-42
1470, 4.938147355676367e-42
1471, 6.875136495194687e-42
1472, 9.565407297639902e-42
1473, 1.3299357872083072e-41
1474, 1.8478347979683466e-41
1475, 2.5656716381284936e-41
1476, 3.5599563108979393e-41
1477, 4.93621565654738e-41
1478, 6.839898284586588e-41
1479, 9.471339882898938e-41
1480, 1.3106286540651912e-40
1481, 1.8124020820598638e-40
1482, 2.5045880324282556e-40
1483, 3.458797228867114e-40
1484, 4.773326633912317e-40
1485, 6.583012085020816e-40
1486, 9.072684219445951e-40
1487, 1.2495532805265202e-39
1488, 1.719815267822911e-39
1489, 2.3654678767640314e-39
1490, 3.2513276588079295e-39
1491, 4.465941680238984e-39
1492, 6.130193405568858e-39
1493, 8.408999393580706e-39
1494, 1.152719595587366e-38
1495, 1.5791101884686647e-38
1496, 2.1617765146879194e-38
1497, 2.9574604556402485e-38
1498, 4.043310422662096e-38
1499, 5.524149263249923e-38
1500, 7.542305127426442e-38
1501, 1.0290900000634985e-37
1502, 1.4031799734557871e-37
1503, 1.9119844215788614e-37
1504, 2.6035532549188002e-37
1505, 3.542908349550842e-37
1506, 4.817978950786055e-37
1507, 6.547591832250971e-37
1508, 8.892220207203126e-37
1509, 1.2068434051923393e-36
1510, 1.6368313204210018e-36
1511, 2.2185509888976106e-36
1512, 3.0050214452785734e-36
1513, 4.067603383954777e-36
1514, 5.502279874735313e-36
1515, 7.438065467626607e-36
1516, 1.0048257307196985e-35
1517, 1.3565478553164454e-35
1518, 1.830177870673081e-35
1519, 2.467547254203007e-35
1520, 3.324695247769921e-35
1521, 4.4766442257922264e-35
1522, 6.023763058103618e-35
1523, 8.100240803005231e-35
1524, 1.088536296888238e-34
1525, 1.4618507121472608e-34
1526, 1.9619071156485997e-34
1527, 2.631293891848162e-34
1528, 3.526760399544212e-34
1529, 4.723875276824723e-34
1530, 6.323200370541531e-34
1531, 8.458467902608566e-34
1532, 1.1307403566916372e-33
1533, 1.5106042077680803e-33
1534, 2.0167649397056543e-33
1535, 2.6907717241150068e-33
1536, 3.5876956321486734e-33
1537, 4.780481883311687e-33
1538, 6.365687189213433e-33
1539, 8.47103792301744e-33
1540, 1.1265380302829158e-32
1541, 1.497177083725659e-32
1542, 1.9884686559434867e-32
1543, 2.639263647026316e-32
1544, 3.5007849411368924e-32
1545, 4.6405226921999233e-32
1546, 6.14734183288037e-32
1547, 8.138174579010924e-32
1548, 1.0766783939172185e-31
1549, 1.4235231444398445e-31
1550, 1.8808873547195863e-31
1551, 2.483595939697088e-31
1552, 3.2773224771270054e-31
1553, 4.3219294482610485e-31
1554, 5.6958246525381315e-31
1555, 7.501639156527792e-31
1556, 9.873622745857517e-31
1557, 1.298726999584866e-30
1558, 1.7071841432281093e-30
1559, 2.242663967501562e-30
1560, 2.9442152598996766e-30
1561, 3.8627500655125736e-30
1562, 5.064604439291533e-30
1563, 6.63615476114644e-30
1564, 8.689798561911476e-30
1565, 1.137169805419597e-29
1566, 1.4871799243239788e-29
1567, 1.9436786758269168e-29
1568, 2.5386823521014555e-29
1569, 3.313716671190562e-29
1570, 4.322606205479793e-29
1571, 5.635071616041385e-29
1572, 7.341365565963525e-29
1573, 9.558243279757412e-29
1574, 1.2436646910374388e-28
1575, 1.6171589125388925e-28
1576, 2.1014856934524253e-28
1577, 2.7291329741211377e-28
1578, 3.541992605197994e-28
1579, 4.594047406865184e-28
1580, 5.954815879283255e-28
1581, 7.713765288278295e-28
1582, 9.985961637420625e-28
1583, 1.291929844185573e-27
1584, 1.6703739399550064e-27
1585, 2.1583128258866764e-27
1586, 2.7870269025281667e-27
1587, 3.59661694794217e-27
1588, 4.6384581293357524e-27
1589, 5.97832740645917e-27
1590, 7.700386495870366e-27
1591, 9.912251127292185e-27
1592, 1.2751438636124977e-26
1593, 1.6393563293664943e-26
1594, 2.106274631455986e-26
1595, 2.7044830377556354e-26
1596, 3.470414324137365e-26
1597, 4.450474975482586e-26
1598, 5.703737640657751e-26
1599, 7.305350023815787e-26
1600, 9.350848030489292e-26
1601, 1.1961609473116803e-25
1602, 1.5291745443771095e-25
1603, 1.953680266299688e-25
1604, 2.4944745544821897e-25
1605, 3.1829806153112755e-25
1606, 4.0589939602503925e-25
1607, 5.172880915112204e-25
1608, 6.588345842132961e-25
1609, 8.385911923354794e-25
1610, 1.0667296657810731e-24
1611, 1.3560908476230496e-24
1612, 1.722874724521484e-24
1613, 2.187506159836139e-24
1614, 2.7757203316854998e-24
1615, 3.51992274879153e-24
1616, 4.4608921964877664e-24
1617, 5.649911699697546e-24
1618, 7.151433350418387e-24
1619, 9.046408586562084e-24
1620, 1.1436447398333895e-23
1621, 1.4449009421189414e-23
1622, 1.8243878726669655e-23
1623, 2.302123452384897e-23
1624, 2.903170462123305e-23
1625, 3.658888065494811e-23
1626, 4.608488781131836e-23
1627, 5.800974200224793e-23
1628, 7.297540025832859e-23
1629, 9.174562291534184e-23
1630, 1.1527302805560465e-22
1631, 1.447450407468809e-22
1632, 1.8164083544694427e-22
1633, 2.278018560902844e-22
1634, 2.8551909502620427e-22
1635, 3.5764104380117404e-22
1636, 4.4770712573542675e-22
1637, 5.601125189398116e-22
1638, 7.003116231930763e-22
1639, 8.750690691277924e-22
1640, 1.0927691790062576e-21
1641, 1.3637972447338937e-21
1642, 1.701008987342284e-21
1643, 2.1203082203737707e-21
1644, 2.6413571991032098e-21
1645, 3.2884495706727718e-21
1646, 4.091582454888215e-21
1647, 5.0877722329134994e-21
1648, 6.322668405952523e-21
1649, 7.852531774046502e-21
1650, 9.746657620155582e-21
1651, 1.2090342099394439e-20
1652, 1.4988511270888904e-20
1653, 1.8570157944823153e-20
1654, 2.299376267897236e-20
1655, 2.845391297073657e-20
1656, 3.5189380292260324e-20
1657, 4.349296972755427e-20
1658, 5.3723523523530695e-20
1659, 6.632054019060836e-20
1660, 8.182196765667262e-20
1661, 1.0088584573210706e-19
1662, 1.2431661375399427e-19
1663, 1.5309706853173303e-19
1664, 1.884271612698763e-19
1665, 2.3177106683531358e-19
1666, 2.8491425262805727e-19
1667, 3.5003262710421634e-19
1668, 4.2977627116976736e-19
1669, 5.273707629437277e-19
1670, 6.467397140786059e-19
1671, 7.926528632144786e-19
1672, 9.709049425026737e-19
1673, 1.188531573368357e-18
1674, 1.4540696907157346e-18
1675, 1.7778714785587487e-18
1676, 2.1724825704597474e-18
1677, 2.6530973788305446e-18
1678, 3.238106931971548e-18
1679, 3.949757591829101e-18
1680, 4.814942588125714e-18
1681, 5.866152540447277e-18
1682, 7.142616172920095e-18
1683, 8.691668402930004e-18
1684, 1.0570390076689064e-17
1685, 1.2847572033885783e-17
1686, 1.5606066147917873e-17
1687, 1.894559778950949e-17
1688, 2.2986128123807115e-17
1689, 2.787187116484121e-17
1690, 3.3776090027034453e-17
1691, 4.090681985537756e-17
1692, 4.951369211801075e-17
1693, 5.98960670159278e-17
1694, 7.241271856466904e-17
1695, 8.749336142782556e-17
1696, 1.0565236096951897e-16
1697, 1.275050296203577e-16
1698, 1.537869850778567e-16
1699, 1.853771309240839e-16
1700, 2.233249200778111e-16
1701, 2.688826786118805e-16
1702, 3.235439046990658e-16
1703, 3.890886182169809e-16
1704, 4.676370247120854e-16
1705, 5.61712977483689e-16
1706, 6.743189788323257e-16
1707, 8.090247619476435e-16
1708, 9.700718457080349e-16
1709, 1.1624968636684259e-15
1710, 1.3922769454948412e-15
1711, 1.6665009844353089e-15
1712, 1.993571271102297e-15
1713, 2.3834407257523006e-15
1714, 2.84789183567525e-15
1715, 3.400864419511435e-15
1716, 4.058840519317571e-15
1717, 4.841296088282931e-15
1718, 5.771230726890153e-15
1719, 6.87578855651919e-15
1720, 8.186985444055227e-15
1721, 9.74256024951593e-15
1722, 1.1586970610355209e-14
1723, 1.3772557057440985e-14
1724, 1.636090304736699e-14
1725, 1.9424422864359605e-14
1726, 2.304821438366277e-14
1727, 2.7332219489115326e-14
1728, 3.2393741616715076e-14
1729, 3.837037757728924e-14
1730, 4.542342964068496e-14
1731, 5.374187400563528e-14
1732, 6.354697342022593e-14
1733, 7.509763506316794e-14
1734, 8.869663010920505e-14
1735, 1.0469780891265098e-13
1736, 1.2351446581406832e-13
1737, 1.456290305047587e-13
1738, 1.716042891105081e-13
1739, 2.0209636808435045e-13
1740, 2.3786974818214523e-13
1741, 2.798146147486922e-13
1742, 3.289668949513092e-13
1743, 3.865313831667802e-13
1744, 4.5390841326031285e-13
1745, 5.32724601924459e-13
1746, 6.248682615925347e-13
1747, 7.325301658509733e-13
1748, 8.582504460302494e-13
1749, 1.0049725062728316e-12
1750, 1.1761049673410235e-12
1751, 1.37559278875877e-12
1752, 1.6079988763568175e-12
1753, 1.8785976604544954e-12
1754, 2.1934823310219425e-12
1755, 2.559687643259694e-12
1756, 2.985330463215197e-12
1757, 3.479770511471103e-12
1758, 4.053794088452721e-12
1759, 4.719823930159204e-12
1760, 5.492158755098714e-12
1761, 6.3872465249638055e-12
1762, 7.423995960896823e-12
1763, 8.624131439553228e-12
1764, 1.0012597045462035e-11
1765, 1.161801628844068e-11
1766, 1.3473214812414906e-11
1767, 1.5615814338329376e-11
1768, 1.808890710685937e-11
1769, 2.0941821229400605e-11
1770, 2.423098863151655e-11
1771, 2.8020928694182465e-11
1772, 3.238536228319666e-11
1773, 3.7408472620321566e-11
1774, 4.31863314128728e-11
1775, 4.982851083578465e-11
1776, 5.745990438723644e-11
1777, 6.622278232138012e-11
1778, 7.627911034537472e-11
1779, 8.781316356795565e-11
1780, 1.0103447134104158e-10
1781, 1.1618113268208181e-10
1782, 1.3352354642694166e-10
1783, 1.5336860520570544e-10
1784, 1.7606440777010975e-10
1785, 2.0200555020322255e-10
1786, 2.3163906316704545e-10
1787, 2.6547106959527317e-10
1788, 3.040742452634039e-10
1789, 3.4809617344791427e-10
1790, 3.9826869453734717e-10
1791, 4.5541836204012094e-10
1792, 5.204781280450075e-10
1793, 5.945003938864864e-10
1794, 6.786715756284501e-10
1795, 7.743283492397487e-10
1796, 8.829757568172036e-10
1797, 1.0063073733801665e-09
1798, 1.1462277534376282e-09
1799, 1.3048773980209693e-09
1800, 1.4846605061948357e-09
1801, 1.6882758004892202e-09
1802, 1.918750743285282e-09
1803, 2.179479490990934e-09
1804, 2.474264965378019e-09
1805, 2.807365456561117e-09
1806, 3.183546209874416e-09
1807, 3.60813649022523e-09
1808, 4.08709266148725e-09
1809, 4.6270678666296944e-09
1810, 5.23548894522764e-09
1811, 5.920641280964267e-09
1812, 6.691762330814913e-09
1813, 7.559144651675849e-09
1814, 8.534249309046296e-09
1815, 9.62983062532964e-09
1816, 1.0860073304316094e-08
1817, 1.2240743052976537e-08
1818, 1.3789351910074102e-08
1819, 1.5525339588690562e-08
1820, 1.747027224045609e-08
1821, 1.9648060158394662e-08
1822, 2.2085196050740822e-08
1823, 2.481101564006082e-08
1824, 2.785798247309443e-08
1825, 3.126199896157937e-08
1826, 3.5062745823217004e-08
1827, 3.9304052241965505e-08
1828, 4.4034299229447476e-08
1829, 4.930685884193435e-08
1830, 5.518057208102431e-08
1831, 6.172026849924182e-08
1832, 6.899733072389933e-08
1833, 7.709030732285352e-08
1834, 8.608557764294004e-08
1835, 9.607807248630457e-08
1836, 1.0717205471280246e-07
1837, 1.1948196409972157e-07
1838, 1.331333310537572e-07
1839, 1.482637640011257e-07
1840, 1.6502401558335798e-07
1841, 1.835791330338755e-07
1842, 2.0410969840049963e-07
1843, 2.2681316458167295e-07
1844, 2.5190529341804724e-07
1845, 2.7962170239647033e-07
1846, 3.102195268188076e-07
1847, 3.4397920461550084e-07
1848, 3.812063912615985e-07
1849, 4.222340126030913e-07
1850, 4.674244636819105e-07
1851, 5.171719619776498e-07
1852, 5.719050637846237e-07
1853, 6.320893527427244e-07
1854, 6.982303098266334e-07
1855, 7.708763744056743e-07
1856, 8.506222062397483e-07
1857, 9.381121585249927e-07
1858, 1.0340439723689083e-06
1859, 1.139172703287612e-06
1860, 1.2543148905017883e-06
1861, 1.3803529799819824e-06
1862, 1.518240012353401e-06
1863, 1.6690045868510724e-06
1864, 1.8337561125902513e-06
1865, 2.013690358491838e-06
1866, 2.2100953130742874e-06
1867, 2.424357365381746e-06
1868, 2.657967818149906e-06
1869, 2.912529744015186e-06
1870, 3.189765195589092e-06
1871, 3.4915227795644137e-06
1872, 3.8197856049909296e-06
1873, 4.176679615065636e-06
1874, 4.564482311454631e-06
1875, 4.985631879389586e-06
1876, 5.442736721208204e-06
1877, 5.938585404914542e-06
1878, 6.47615703370235e-06
1879, 7.058632040968192e-06
1880, 7.689403414858943e-06
1881, 8.372088353869153e-06
1882, 9.110540355335644e-06
1883, 9.908861735353543e-06
1884, 1.0771416578577874e-05
1885, 1.1702844112961164e-05
1886, 1.2708072504423564e-05
1887, 1.3792333062554308e-05
1888, 1.4961174847537019e-05
1889, 1.622047966530109e-05
1890, 1.757647743624578e-05
1891, 1.9035761919327482e-05
1892, 2.0605306771066635e-05
1893, 2.2292481916015993e-05
1894, 2.4105070202805216e-05
1895, 2.6051284314119416e-05
1896, 2.813978390043399e-05
1897, 3.0379692898299967e-05
1898, 3.278061699462493e-05
1899, 3.535266119269529e-05
1900, 3.810644743302914e-05
1901, 4.105313221614386e-05
1902, 4.4204424173849486e-05
1903, 4.7572601528120416e-05
1904, 5.117052937473415e-05
1905, 5.5011676724256966e-05
1906, 5.9110133227282296e-05
1907, 6.348062551102502e-05
1908, 6.813853304313611e-05
1909, 7.309990344279998e-05
1910, 7.838146714710848e-05
1911, 8.400065134350593e-05
1912, 8.997559307100464e-05
1913, 9.632515139013189e-05
1914, 0.00010306891851992002
1915, 0.00011022722983222191
1916, 0.00011782117259718386
1917, 0.0001258725933641678
1918, 0.00013440410386326597
1919, 0.0001434390853106957
1920, 0.00015300169099804385
1921, 0.00016311684704020752
1922, 0.00017381025116439133
1923, 0.00018510836941503547
1924, 0.00019703843064556448
1925, 0.00020962841868167468
1926, 0.00022290706202498164
1927, 0.00023690382097926456
1928, 0.00025164887207770545
1929, 0.0002671730896916168
1930, 0.00028350802470911325
1931, 0.00030068588016786716
1932, 0.0003187394837390328
1933, 0.0003377022569568943
1934, 0.00035760818109986507
1935, 0.00037849175963534254
1936, 0.0004003879771345986
1937, 0.00042333225460492135
1938, 0.0004473604011521076
1939, 0.00047250856191847677
1940, 0.0004988131622724849
1941, 0.000526310848188072
1942, 0.0005550384228057744
1943, 0.0005850327791581615
1944, 0.0006163308290733553
1945, 0.0006489694282468466
1946, 0.0006829852975602949
1947, 0.0007184149406281036
1948, 0.0007552945577035132
1949, 0.0007936599559651963
1950, 0.0008335464563172344
1951, 0.0008749887967902295
1952, 0.0009180210326980709
1953, 0.0009626764336737564
1954, 0.0010089873777702845
1955, 0.0010569852428010513
1956, 0.0011067002951181853
1957, 0.00115816157608843
1958, 0.0012113967864290753
1959, 0.0012664321687661214
1960, 0.0013232923885854262
1961, 0.001382000413984967
1962, 0.001442577394411243
1963, 0.0015050425388480942
1964, 0.0015694129936665812
1965, 0.0016357037206273055
1966, 0.0017039273753010431
1967, 0.0017740941863824493
1968, 0.0018462118362338076
1969, 0.0019202853431202055
1970, 0.001996316945541175
1971, 0.0020743059890769504
1972, 0.0021542488162371045
1973, 0.0022361386597351397
1974, 0.0023199655395829888
1975, 0.0024057161645949492
1976, 0.002493373838607289
1977, 0.002582918372014631
1978, 0.0026743259989309726
1979, 0.0027675693005565567
1980, 0.0028626171351206647
1981, 0.0029594345748255144
1982, 0.0030579828502821636
1983, 0.003158219302757398
1984, 0.0032600973447829175
1985, 0.003363566429274675
1986, 0.0034685720277715447
1987, 0.00357505561795397
1988, 0.0036829546808668985
1989, 0.003792202708108955
1990, 0.0039027292191999284
1991, 0.004014459789509115
1992, 0.004127316088815711
1993, 0.004241215930699538
1994, 0.004356073333028403
1995, 0.004471798589499472
1996, 0.00458829835236284
1997, 0.004705475726414352
1998, 0.004823230374211259
1999, 0.004941458632513664
2000, 0.005060053639683876
2001, 0.005178905474311067
2002, 0.005297901304380474
2003, 0.005416925547366753
2004, 0.005535860040421393
2005, 0.005654584220835871
2006, 0.00577297531619891
2007, 0.005890908543889542
2008, 0.006008257319642309
2009, 0.006124893474693916
2010, 0.006240687480689993
2011, 0.006355508682460544
2012, 0.006469225537634242
2013, 0.006581705862408909
2014, 0.006692817083521311
2015, 0.006802426494801526
2016, 0.006910401518548418
2017, 0.007016609970235931
2018, 0.007120920326579768
2019, 0.007223201995478644
2020, 0.007323325587475722
2021, 0.007421163188111444
2022, 0.007516588629693428
2023, 0.00760947776253413
2024, 0.007699708724151653
2025, 0.007787162205960342
2026, 0.007871721716583052
2027, 0.007953273840943643
2028, 0.008031708494199902
2029, 0.00810691917009313
2030, 0.008178803182424886
2031, 0.008247261899369893
2032, 0.00831220096945041
2033, 0.008373530538829027
2034, 0.008431165458967178
2035, 0.008485025484002836
2036, 0.008535035457405159
2037, 0.008581125486835987
2038, 0.008623231107497345
2039, 0.008661293432143438
2040, 0.008695259288743764
2041, 0.008725081344116908
2042, 0.008750718213881778
2043, 0.0087721345580246
2044, 0.008789301161866958
2045, 0.008802195002192072
2046, 0.008810799298385236
2047, 0.008815103548159143
2048, 0.008815103548143109
2049, 0.008810801399043736
2050, 0.008802205495248464
2051, 0.008789330499373641
2052, 0.008772197301524481
2053, 0.00875083296324796
2054, 0.008725270646898013
2055, 0.008695549530349149
2056, 0.008661714707270179
2057, 0.008623817073644532
2058, 0.008581913200587139
2059, 0.008536065194169601
2060, 0.008486340542549308
2061, 0.008432811951052754
2062, 0.008375557165757958
2063, 0.008314658785974755
2064, 0.008250204066711326
2065, 0.008182284711190443
2066, 0.008110996654664233
2067, 0.008036439839725708
2068, 0.007958717984428806
2069, 0.007877938343213852
2070, 0.00779421146225442
2071, 0.007707650929354538
2072, 0.0076183731193767736
2073, 0.00752649693606245
2074, 0.007432143551141615
2075, 0.007335436141084317
2076, 0.007236499622807268
2077, 0.0071354603887850586
2078, 0.007032446042461735
2079, 0.006927585134656726
2080, 0.00682100690182517
2081, 0.006712841006695789
2082, 0.006603217282294598
2083, 0.006492265479640815
2084, 0.006380115020298046
2085, 0.006266894753750038
2086, 0.00615273272084004
2087, 0.006037755923483403
2088, 0.005922090101192626
2089, 0.0058058595151863545
2090, 0.0056891867402505255
2091, 0.005572192464863894
2092, 0.00545499530021195
2093, 0.005337711598094288
2094, 0.005220455278367417
2095, 0.005103337665916586
2096, 0.004986467337686872
2097, 0.004869949979781513
2098, 0.0047538882548123764
2099, 0.004638381679773816
2100, 0.004523526514374799
2101, 0.004409415659883778
2102, 0.004296138568724468
2103, 0.004183781164402166
2104, 0.004072425772200751
2105, 0.003962151060078423
2106, 0.0038530319900554667
2107, 0.0037451397795903625
2108, 0.003638541873160533
2109, 0.0035333019232891283
2110, 0.003429479781477392
2111, 0.0033271314980829973
2112, 0.003226309331474568
2113, 0.0031270617656662756
2114, 0.0030294335364682992
2115, 0.00293346566557143
2116, 0.0028391955024022367
2117, 0.0027466567732307187
2118, 0.002655879637190735
2119, 0.0025668907489247504
2120, 0.0024797133272629855
2121, 0.002394367229720302
2122, 0.002310869032268042
2123, 0.0022292321140267982
2124, 0.0021494667464863806
2125, 0.0020715801867285085
2126, 0.001995576774417892
2127, 0.001921458031973787
2128, 0.0018492227676161742
2129, 0.0017788671808762176
2130, 0.0017103849701548721
2131, 0.0016437674419858689
2132, 0.0015790036215710403
2133, 0.0015160803642610028
2134, 0.0014549824676717974
2135, 0.001395692783976896
2136, 0.001338192332203111
2137, 0.0012824604100854294
2138, 0.001228474705262489
2139, 0.0011762114055063131
2140, 0.0011256453077019262
2141, 0.0010767499253491527
2142, 0.0010294975943579724
2143, 0.000983859576877093
2144, 0.0009398061629848786
2145, 0.0008973067700679476
2146, 0.0008563300396552685
2147, 0.0008168439316315358
2148, 0.000778815815635196
2149, 0.0007422125595235092
2150, 0.0007070006148398157
2151, 0.0006731460991120963
2152, 0.0006406148749916967
2153, 0.0006093726260948518
2154, 0.0005793849295470377
2155, 0.0005506173251565574
2156, 0.0005230353812247392
2157, 0.0004966047569528439
2158, 0.00047129126146429285
2159, 0.0004470609094396768
2160, 0.00042387997339416394
2161, 0.0004017150326291124
2162, 0.00038053301888287645
2163, 0.0003603012587483912
2164, 0.0003409875128995992
2165, 0.00032256001220310176
2166, 0.0003049874907623633
2167, 0.000288239216004284
2168, 0.00027228501585632703
2169, 0.00025709530312335795
2170, 0.00024264109714126016
2171, 0.0002288940428125121
2172, 0.00021582642710821315
2173, 0.00020341119315108212
2174, 0.00019162195196577737
2175, 0.00018043299201219096
2176, 0.00016981928659981613
2177, 0.00015975649929082626
2178, 0.0001502209873956115
2179, 0.0001411898036651808
2180, 0.00013264069628726342
2181, 0.00012455210728849249
2182, 0.0001169031694442394
2183, 0.00010967370179626229
2184, 0.0001028442038822928
2185, 9.639584876471265e-05
2186, 9.031047496338868e-05
2187, 8.457057737780438e-05
2188, 7.915929728972801e-05
2189, 7.40604115345472e-05
2190, 6.925832092343516e-05
2191, 6.47380379969048e-05
2192, 6.048517418686055e-05
2193, 5.648592646369537e-05
2194, 5.2727063535728956e-05
2195, 4.919591167257467e-05
2196, 4.588034021199162e-05
2197, 4.276874681567959e-05
2198, 3.985004252888193e-05
2199, 3.7113636698150313e-05
2200, 3.4549421798945005e-05
2201, 3.214775822101105e-05
2202, 2.9899459053842864e-05
2203, 2.7795774917082848e-05
2204, 2.5828378870270088e-05
2205, 2.398935144056118e-05
2206, 2.227116579791663e-05
2207, 2.0666673110178115e-05
2208, 1.9169088102225916e-05
2209, 1.7771974845313112e-05
2210, 1.6469232797831537e-05
2211, 1.5255083116211251e-05
2212, 1.412405525406534e-05
2213, 1.3070973863683376e-05
2214, 1.2090946013018809e-05
2215, 1.1179348728965886e-05
2216, 1.0331816875888789e-05
2217, 9.54423137653197e-06
2218, 8.812707781407393e-06
2219, 8.133585189867658e-06
2220, 7.503415526506416e-06
2221, 6.918953173465195e-06
2222, 6.3771449591692995e-06
2223, 5.87512050220749e-06
2224, 5.410182908508082e-06
2225, 4.979799818700761e-06
2226, 4.581594801757123e-06
2227, 4.213339090248095e-06
2228, 3.872943652077631e-06
2229, 3.5584515923987836e-06
2230, 3.2680308794803352e-06
2231, 2.9999673873478735e-06
2232, 2.7526582478873743e-06
2233, 2.524605504556846e-06
2234, 2.3144100596842764e-06
2235, 2.1207659070412765e-06
2236, 1.9424546411518833e-06
2237, 1.7783402347196352e-06
2238, 1.627364075382239e-06
2239, 1.488540252962473e-06
2240, 1.3609510884221136e-06
2241, 1.2437428956238312e-06
2242, 1.1361219671004172e-06
2243, 1.0373507751316106e-06
2244, 9.467443794416705e-07
2245, 8.636670330048928e-07
2246, 7.875289775578869e-07
2247, 7.177834205790543e-07
2248, 6.539236856515412e-07
2249, 5.954805283302215e-07
2250, 5.420196097861814e-07
2251, 4.931391207658188e-07
2252, 4.484675485473096e-07
2253, 4.0766157985964267e-07
2254, 3.704041328980947e-07
2255, 3.364025118298165e-07
2256, 3.053866774062369e-07
2257, 2.77107627526306e-07
2258, 2.513358818307978e-07
2259, 2.2786006462590179e-07
2260, 2.0648558068742465e-07
2261, 1.8703337870317104e-07
2262, 1.6933879734066253e-07
2263, 1.5325048915284207e-07
2264, 1.3862941774959284e-07
2265, 1.2534792386378417e-07
2266, 1.1328885616636383e-07
2267, 1.0234476287117514e-07
2268, 9.241714037045333e-08
2269, 8.34157353366751e-08
2270, 7.525789690267216e-08
2271, 6.78679757185859e-08
2272, 6.117676684496889e-08
2273, 5.5120993620014335e-08
2274, 4.964282978624114e-08
2275, 4.46894573196141e-08
2276, 4.021265755298409e-08
2277, 3.616843331956585e-08
2278, 3.2516659981714e-08
2279, 2.9220763335946268e-08
2280, 2.6247422505293192e-08
2281, 2.3566296050283005e-08
2282, 2.1149769636769244e-08
2283, 1.897272370397346e-08
2284, 1.7012319678432524e-08
2285, 1.5247803370423646e-08
2286, 1.3660324279362681e-08
2287, 1.2232769621410699e-08
2288, 1.0949611968793047e-08
2289, 9.796769467938916e-09
2290, 8.76147767264433e-09
2291, 7.832172096717177e-09
2292, 6.9983806518664534e-09
2293, 6.2506251962664406e-09
2294, 5.580331474241665e-09
2295, 4.979746779643758e-09
2296, 4.441864723300681e-09
2297, 3.9603565317019185e-09
2298, 3.5295083450461014e-09
2299, 3.1441640237739997e-09
2300, 2.7996730089999896e-09
2301, 2.4918428172196877e-09
2302, 2.2168957817834857e-09
2303, 1.971429683495604e-09
2304, 1.7523819408864937e-09
2305, 1.5569970563744064e-09
2306, 1.3827970387911364e-09
2307, 1.227554545052701e-09
2308, 1.0892685044499135e-09
2309, 9.661420082798244e-10
2310, 8.565622653489716e-10
2311, 7.590824402566866e-10
2312, 6.724052065950055e-10
2313, 5.953678612644486e-10
2314, 5.269288590630956e-10
2315, 4.661556386009837e-10
2316, 4.1221362169877944e-10
2317, 3.643562784802754e-10
2318, 3.2191615976207485e-10
2319, 2.842968068961991e-10
2320, 2.5096545712214296e-10
2321, 2.2144646970566402e-10
2322, 1.953154048046358e-10
2323, 1.721936930866566e-10
2324, 1.5174383969088912e-10
2325, 1.3366511126312066e-10
2326, 1.176896594439265e-10
2327, 1.0357903847938825e-10
2328, 9.112107852488056e-11
2329, 8.012707978487964e-11
2330, 7.042929587947719e-11
2331, 6.187867780385503e-11
2332, 5.434285254816394e-11
2333, 4.77043129097976e-11
2334, 4.1858797274724177e-11
2335, 3.6713840179276737e-11
2336, 3.218747632159024e-11
2337, 2.820708237344857e-11
2338, 2.4708342472491547e-11
2339, 2.1634324661732417e-11
2340, 1.8934656797968444e-11
2341, 1.656479159426316e-11
2342, 1.4485351488106742e-11
2343, 1.2661544962702723e-11
2344, 1.1062646793336302e-11
2345, 9.66153545109232e-12
2346, 8.434281587286575e-12
2347, 7.359782143512823e-12
2348, 6.4194351916001756e-12
2349, 5.59685111638167e-12
2350, 4.877596206964554e-12
2351, 4.24896513477784e-12
2352, 3.699779164972616e-12
2353, 3.2202072800201706e-12
2354, 2.801607693064228e-12
2355, 2.4363874969858815e-12
2356, 2.1178784354057037e-12
2357, 1.8402269986077117e-12
2358, 1.5982972405215726e-12
2359, 1.3875848870667525e-12
2360, 1.204141461317531e-12
2361, 1.0445072904605697e-12
2362, 9.056523839392363e-13
2363, 7.849242836685926e-13
2364, 6.800020866969432e-13
2365, 5.888559296213495e-13
2366, 5.097113034087932e-13
2367, 4.410176380997072e-13
2368, 3.8142065997809573e-13
2369, 3.2973808004906993e-13
2370, 2.849382227589959e-13
2371, 2.4612124850766513e-13
2372, 2.1250266312970033e-13
2373, 1.8339884285256464e-13
2374, 1.5821433452482121e-13
2375, 1.3643071878169534e-13
2376, 1.1759684851227518e-13
2377, 1.013202969093537e-13
2378, 8.725986882651397e-14
2379, 7.511904638790881e-14
2380, 6.464025504292985e-14
2381, 5.559984978084581e-14
2382, 4.780373314492255e-14
2383, 4.10835272683762e-14
2384, 3.5293231478909484e-14
2385, 3.030630526996397e-14
2386, 2.6013123718693574e-14
2387, 2.2318758850392734e-14
2388, 1.9141046116271946e-14
2389, 1.640890014487908e-14
2390, 1.4060848324995384e-14
2391, 1.2043754650622313e-14
2392, 1.0311709667418212e-14
2393, 8.825065356811783e-15
2394, 7.549596428887122e-15
2395, 6.455771810590817e-15
2396, 5.518122148613342e-15
2397, 4.714690930481099e-15
2398, 4.02655839267133e-15
2399, 3.4374287570673734e-15
2400, 2.933272539361431e-15
2401, 2.502016726620522e-15
2402, 2.1332765429301797e-15
2403, 1.818123329137997e-15
2404, 1.5488837679175847e-15
2405, 1.3189663021618718e-15
2406, 1.1227111333432245e-15
2407, 9.55260656871195e-16
2408, 8.12447601856247e-16
2409, 6.906985008731225e-16
2410, 5.869504272979062e-16
2411, 4.985792099153959e-16
2412, 4.2333757127236385e-16
2413, 3.593018425055274e-16
2414, 3.0482608676512137e-16
2415, 2.5850261933568197e-16
2416, 2.1912804817847334e-16
2417, 1.856740764041056e-16
2418, 1.572624104532545e-16
2419, 1.3314320653504031e-16
2420, 1.126765648695647e-16
2421, 9.531664801882727e-17
2422, 8.05980574490189e-17
2423, 6.812415256121578e-17
2424, 5.755703978770716e-17
2425, 4.860899690097872e-17
2426, 4.1035130112663135e-17
2427, 3.462708960462755e-17
2428, 2.920769337333774e-17
2429, 2.462633018879114e-17
2430, 2.0755030546013436e-17
2431, 1.7485110060921057e-17
2432, 1.4724303209185363e-17
2433, 1.2394316881393598e-17
2434, 1.0428743209960902e-17
2435, 8.771279710087656e-18
2436, 7.374212170066041e-18
2437, 6.197122086293791e-18
2438, 5.2057859034795645e-18
2439, 4.371238019815791e-18
2440, 3.668973551063018e-18
2441, 3.0782703124094015e-18
2442, 2.5816124487316893e-18
2443, 2.1642006938202465e-18
2444, 1.8135364242869502e-18
2445, 1.5190685468034794e-18
2446, 1.2718938609376931e-18
2447, 1.064502912626279e-18
2448, 8.9056452821317e-19
2449, 7.447432232654278e-19
2450, 6.225445392840753e-19
2451, 5.201840948385789e-19
2452, 4.344767643689387e-19
2453, 3.6274293250258483e-19
2454, 3.0272922810319146e-19
2455, 2.525415312240087e-19
2456, 2.105883778285726e-19
2457, 1.7553316963486136e-19
2458, 1.462538370266471e-19
2459, 1.21808807739448e-19
2460, 1.0140830823170508e-19
2461, 8.43901727991104e-20
2462, 7.019946137015787e-20
2463, 5.837129390415093e-20
2464, 4.851640012802376e-20
2465, 4.0308960430932147e-20
2466, 3.3476379141415813e-20
2467, 2.7790686859135597e-20
2468, 2.306131551352564e-20
2469, 1.912902963630288e-20
2470, 1.5860831050647953e-20
2471, 1.3145682716203111e-20
2472, 1.0890921603015322e-20
2473, 9.01925088676129e-21
2474, 7.466219004074662e-21
2475, 6.178107684993614e-21
2476, 5.1101633840364396e-21
2477, 4.225116919847729e-21
2478, 3.491944895829166e-21
2479, 2.884833863116939e-21
2480, 2.3823144159880797e-21
2481, 1.9665376557666383e-21
2482, 1.6226708779277541e-21
2483, 1.3383930559764035e-21
2484, 1.1034738239277795e-21
2485, 9.094222903069751e-22
2486, 7.491942278940866e-22
2487, 6.169480413068406e-22
2488, 5.078414745147886e-22
2489, 4.1786233017550563e-22
2490, 3.436875711644436e-22
2491, 2.8256609624484366e-22
2492, 2.3222125405677713e-22
2493, 1.9076980678182094e-22
2494, 1.5665459674774417e-22
2495, 1.2858862290199517e-22
2496, 1.0550861366285669e-22
2497, 8.653650011270135e-23
2498, 7.094745885975458e-23
2499, 5.814341566393878e-23
2500, 4.7631086112028875e-23
2501, 3.900378422916299e-23
2502, 3.192635895339793e-23
2503, 2.612272598346043e-23
2504, 2.1365552242062802e-23
2505, 1.7467724946850987e-23
2506, 1.4275299557491476e-23
2507, 1.1661672713896335e-23
2508, 9.522769425074108e-24
2509, 7.773069662245284e-24
2510, 6.342329349883954e-24
2511, 5.1728755510300046e-24
2512, 4.217376245415829e-24
2513, 3.437002208757422e-24
2514, 2.79991269830116e-24
2515, 2.2800084318626815e-24
2516, 1.8559051146424345e-24
2517, 1.5100888656274989e-24
2518, 1.2282216031835883e-24
2519, 9.985700052816208e-25
2520, 8.115362582638426e-25
2521, 6.592726128214377e-25
2522, 5.353649131884556e-25
2523, 4.345728665119948e-25
2524, 3.526169693409988e-25
2525, 2.860037834486828e-25
2526, 2.3188271912247983e-25
2527, 1.8792869361385102e-25
2528, 1.522460302691027e-25
2529, 1.2328978647403328e-25
2530, 9.98013765608098e-26
2531, 8.075591434076592e-26
2532, 6.531915978275965e-26
2533, 5.281233289965484e-26
2534, 4.2683369289040074e-26
2535, 3.448344785178948e-26
2536, 2.7847831703638625e-26
2537, 2.248023623525519e-26
2538, 1.814008030331988e-26
2539, 1.4632093131623474e-26
2540, 1.1797845170695857e-26
2541, 9.508849629901425e-27
2542, 7.660945728608992e-27
2543, 6.169727429081286e-27
2544, 4.96682459701026e-27
2545, 3.996878889837732e-27
2546, 3.215085611308736e-27
2547, 2.5851964397154317e-27
2548, 2.0778972953452887e-27
2549, 1.6694914322769566e-27
2550, 1.3408307660008555e-27
2551, 1.0764490038287625e-27
2552, 8.638587616965961e-28
2553, 6.929818816873348e-28
2554, 5.556878988637485e-28
2555, 4.454202805775252e-28
2556, 3.568938711349498e-28
2557, 2.8585007746732084e-28
2558, 2.2885885795722203e-28
2559, 1.831586327066241e-28
2560, 1.4652690616439363e-28
2561, 1.1717575315363898e-28
2562, 9.366742484714232e-29
2563, 7.484622945261429e-29
2564, 5.97835717311955e-29
2565, 4.773362764345992e-29
2566, 3.80976108393021e-29
2567, 3.0394977404991815e-29
2568, 2.4240231201566973e-29
2569, 1.9324248151320128e-29
2570, 1.5399245219456082e-29
2571, 1.2266687751608437e-29
2572, 9.767564741537634e-30
2573, 7.774571547111129e-30
2574, 6.185828488137203e-30
2575, 4.919835628635448e-30
2576, 3.911422114689635e-30
2577, 3.1084953398900784e-30
2578, 2.4694330706296268e-30
2579, 1.9609922173915652e-30
2580, 1.5566325818649063e-30
2581, 1.235173780576071e-30
2582, 9.797195594980285e-31
2583, 7.767966155029126e-31
2584, 6.156654290075588e-31
2585, 4.877689743153134e-31
2586, 3.862919023183433e-31
2587, 3.058082009863041e-31
2588, 2.419996891877409e-31
2589, 1.914311948464599e-31
2590, 1.5137107607954657e-31
2591, 1.196479983832592e-31
2592, 9.45366900804191e-32
2593, 7.46668497045987e-32
2594, 5.89505428663135e-32
2595, 4.652435907152979e-32
2596, 3.6703346447701e-32
2597, 2.8944340979907827e-32
2598, 2.2816786115099312e-32
2599, 1.797952210992636e-32
2600, 1.4162331261981857e-32
2601, 1.1151270443926634e-32
2602, 8.777018397059233e-33
2603, 6.905621850616593e-33
2604, 5.4311495967931726e-33
2605, 4.269863483378659e-33
2606, 3.3555949401257194e-33
2607, 2.6360791857977205e-33
2608, 2.0700499127749824e-33
2609, 1.6249376088022636e-33
2610, 1.2750468286726858e-33
2611, 1.0001133301842436e-33
2612, 7.84162366087785e-34
2613, 6.146056355702342e-34
2614, 4.815272921371365e-34
2615, 3.7711965365060305e-34
2616, 2.9523740469362237e-34
2617, 2.3104555017682105e-34
2618, 1.8074151518771424e-34
2619, 1.4133586220096224e-34
2620, 1.104793304531333e-34
2621, 8.632646652741717e-35
2622, 6.742814776835571e-35
2623, 5.264691064779497e-35
2624, 4.109027172512642e-35
2625, 3.2058238664034004e-35
2626, 2.500200791463107e-35
2627, 1.9491477810922127e-35
2628, 1.5189705691313064e-35
2629, 1.1832832733233871e-35
2630, 9.214312333754865e-36
2631, 7.172524385952773e-36
2632, 5.5810524097446824e-36
2633, 4.3410540581878216e-36
2634, 3.375276655716173e-36
2635, 2.6233649301312352e-36
2636, 2.0381833751560913e-36
2637, 1.5829349838169337e-36
2638, 1.2289047941092e-36
2639, 9.536934514301927e-37
2640, 7.398349198995511e-37
2641, 5.737152275486569e-37
2642, 4.447270196896859e-37
2643, 3.4460875381182774e-37
2644, 2.669284144502346e-37
2645, 2.0668029973196406e-37
2646, 1.5997023955150384e-37
2647, 1.2376994733694655e-37
2648, 9.572539733624898e-38
2649, 7.400740420726594e-38
2650, 5.719515615690913e-38
2651, 4.418546956242999e-38
2652, 3.4122112241191616e-38
2653, 2.6340778692099954e-38
2654, 2.0326267807551912e-38
2655, 1.5679170045199553e-38
2656, 1.2089962444472132e-38
2657, 9.318872068583144e-39
2658, 7.180229494522797e-39
2659, 5.5303159100533513e-39
2660, 4.2579274375169836e-39
2661, 3.2770520075249734e-39
2662, 2.521188020812469e-39
2663, 1.9389384403345133e-39
2664, 1.4905953174928605e-39
2665, 1.1454931370451572e-39
2666, 8.799587189310718e-40
2667, 6.757238306611439e-40
2668, 5.186965536699621e-40
2669, 3.980106938607179e-40
2670, 3.052905996359455e-40
2671, 2.34082795977834e-40
2672, 1.7941675380290787e-40
2673, 1.3746558615351206e-40
2674, 1.0528403905845994e-40
2675, 8.060624747351122e-41
2676, 6.168968416521623e-41
2677, 4.719479759815725e-41
2678, 3.6092212651629035e-41
2679, 2.7591209970257e-41
2680, 2.1084626126652e-41
2681, 1.6106420853129352e-41
2682, 1.2299011896842283e-41
2683, 9.388138786636767e-42
2684, 7.163527658368335e-42
2685, 5.464024076119502e-42
2686, 4.166165788486352e-42
2687, 3.1754028786202327e-42
2688, 2.4193545741837517e-42
2689, 1.842632267728686e-42
2690, 1.402866499744985e-42
2691, 1.0676590826752241e-42
2692, 8.12245840014543e-43
2693, 6.177049685673501e-43
2694, 4.695841780335263e-43
2695, 3.5684912675895595e-43
2696, 2.7107826839764502e-43
2697, 2.058466049978175e-43
2698, 1.5625420572138347e-43
2699, 1.1856562182914492e-43
2700, 8.99342198169003e-44
2701, 6.819151506300774e-44
2702, 5.168624087673216e-44
2703, 3.916145812635129e-44
2704, 2.966074935020079e-44
2705, 2.245664128248257e-44
2706, 1.6996009366825709e-44
2707, 1.2858451120503858e-44
2708, 9.724559783864331e-45
2709, 7.351752837706633e-45
2710, 5.5558633991367214e-45
2711, 4.19712587288563e-45
2712, 3.1695109836729153e-45
2713, 2.3926127882559837e-45
2714, 1.805479362690755e-45
2715, 1.3619232909000609e-45
2716, 1.0269583577924148e-45
2717, 7.740930131632228e-46
2718, 5.832753829838644e-46
2719, 4.3933357276774885e-46
2720, 3.307923371433463e-46
2721, 2.489756363350258e-46
2722, 1.8732626863156606e-46
2723, 1.408902674098755e-46
2724, 1.0592630971200703e-46
2725, 7.96099384550427e-47
2726, 5.980966762871985e-47
2727, 4.491756483444425e-47
2728, 3.3721104391897495e-47
2729, 2.530627401781231e-47
2730, 1.8984340362047578e-47
2731, 1.4236517415407134e-47
2732, 1.0672177037631412e-47
2733, 7.997299148608735e-48
2734, 5.990661542177492e-48
2735, 4.48587745461103e-48
2736, 3.357849790580243e-48
2737, 2.51255987253721e-48
2738, 1.879372760758003e-48
2739, 1.4052411150177028e-48
2740, 1.0503408042144439e-48
2741, 7.847858325541722e-49
2742, 5.8615659557912726e-49
2743, 4.376407975734595e-49
2744, 3.2663569731384327e-49
2745, 2.436975985788471e-49
2746, 1.8175261540072965e-49
2747, 1.3550395207134663e-49
2748, 1.009869337127527e-49
2749, 7.523508193636686e-50
2750, 5.602961738384684e-50
2751, 4.1711616285909706e-50
2752, 3.1041202817321126e-50
2753, 2.309203900117328e-50
2754, 1.7172293345803284e-50
2755, 1.2765465253011794e-50
2756, 9.486093192341346e-51
2757, 7.046615472590561e-51
2758, 5.2325846584016584e-51
2759, 3.8841367815907856e-51
2760, 2.8821420756178754e-51
2761, 2.137858374090023e-51
2762, 1.5852041818018903e-51
2763, 1.1749902874919513e-51
2764, 8.706150900034297e-52
2765, 6.448534192881581e-52
2766, 4.7746196771565554e-52
2767, 3.533943295571017e-52
2768, 2.6147094903598275e-52
2769, 1.933884086765816e-52
2770, 1.4298175486313833e-52
2771, 1.0567543628979144e-52
2772, 7.807478121270553e-53
2773, 5.7662153596928035e-53
2774, 4.257104923075259e-53
2775, 3.141820137819585e-53
2776, 2.3178845973526243e-53
2777, 1.7094085903361232e-53
2778, 1.2602119485377184e-53
2779, 9.287204284259738e-54
2780, 6.841796537464682e-54
2781, 5.038475119991923e-54
2782, 3.709129060300294e-54
2783, 2.729535147501895e-54
2784, 2.0079339016125844e-54
2785, 1.476570423880606e-54
2786, 1.0854329605543858e-54
2787, 7.976199150393631e-55
2788, 5.859130509334169e-55
2789, 4.302437892838718e-55
2790, 3.1582053062744817e-55
2791, 2.317450543624675e-55
2792, 1.6999064159537004e-55
2793, 1.2464763121659144e-55
2794, 9.136662445657324e-56
2795, 6.694770908302499e-56
2796, 4.903752081624495e-56
2797, 3.5905914419539754e-56
2798, 2.6281384106865996e-56
2799, 1.9229823026455054e-56
2800, 1.4065241985046656e-56
2801, 1.028404697801414e-56
2802, 7.516676734801204e-57
2803, 5.492027810496911e-57
2804, 4.0112956333596643e-57
2805, 2.9287463305241334e-57
2806, 2.1375881984634115e-57
2807, 1.559594097065038e-57
2808, 1.137481734611151e-57
2809, 8.293209656397478e-58
2810, 6.044303692635703e-58
2811, 4.403676258462795e-58
2812, 3.2072293660586725e-58
2813, 2.3350180382798594e-58
2814, 1.699401898506491e-58
2815, 1.2363677044877231e-58
2816, 8.991765123559186e-59
2817, 6.537144115381974e-59
2818, 4.750912401810969e-59
2819, 3.4515319612993165e-59
2820, 2.5066444882124346e-59
2821, 1.8197830244105945e-59
2822, 1.3206646470550534e-59
2823, 9.581017347387704e-60
2824, 6.948273203772221e-60
2825, 5.03719062701135e-60
2826, 3.650448126016517e-60
2827, 2.644541125611007e-60
2828, 1.9151415223589624e-60
2829, 1.3864297765260672e-60
2830, 1.0033244460526559e-60
2831, 7.258242548627179e-61
2832, 5.248898566228767e-61
2833, 3.7944737958583965e-61
2834, 2.7420897438077457e-61
2835, 1.980881762008587e-61
2836, 1.4304816109332313e-61
2837, 1.0326493969634965e-61
2838, 7.451959002742661e-62
2839, 5.375699907588169e-62
2840, 3.876561060120052e-62
2841, 2.7945079377450545e-62
2842, 2.0137763041822703e-62
2843, 1.4506556000627461e-62
2844, 1.0446352563044008e-62
2845, 7.519905113920495e-63
2846, 5.411372337776036e-63
2847, 3.8926907438507344e-63
2848, 2.799238287712577e-63
2849, 2.0122288568700943e-63
2850, 1.4459805960922645e-63
2851, 1.03871212234243e-63
2852, 7.458914539118358e-64
2853, 5.354313696511495e-64
2854, 3.842198475967238e-64
2855, 2.756154983825232e-64
2856, 1.976402453386e-64
2857, 1.4167561163915736e-64
2858, 1.0152262163673352e-64
2859, 7.272414449513098e-65
2860, 5.2076590183783045e-65
2861, 3.727817430852588e-65
2862, 2.667564674493476e-65
2863, 1.9081985516383336e-65
2864, 1.3645218693346878e-65
2865, 9.754069069390456e-66
2866, 6.970109369922331e-66
2867, 4.97899685720835e-66
2868, 3.555434296918803e-66
2869, 2.538002593266013e-66
2870, 1.8110903522644216e-66
2871, 1.2919237343950313e-66
2872, 9.212603788437379e-67
2873, 6.567146731188403e-67
2874, 4.6797204263978426e-67
2875, 3.3335886724545467e-67
2876, 2.3738489572895352e-67
2877, 1.689830609849893e-67
2878, 1.2024923867112402e-67
2879, 8.554027120487698e-68
2880, 6.08286373014756e-68
2881, 4.324090565539143e-68
2882, 3.0727749750920657e-68
2883, 2.182810665620352e-68
2884, 1.5500680454867201e-68
2885, 1.1003602624503194e-68
2886, 7.808516346152004e-69
2887, 5.539259257672912e-69
2888, 3.928117368330317e-69
2889, 2.7846259502698075e-69
2890, 1.9733266249709334e-69
2891, 1.3979152293089536e-69
2892, 9.899482675042129e-70
2893, 7.007998796556458e-70
2894, 4.9593578214912176e-70
2895, 3.50838162985162e-70
2896, 2.481065461983501e-70
2897, 1.753959981405172e-70
2898, 1.2395134720240439e-70
2899, 8.756549122820459e-71
2900, 6.183935380513567e-71
2901, 4.365632423071907e-71
2902, 3.0809149560404316e-71
2903, 2.1735149259299777e-71
2904, 1.5328369725616003e-71
2905, 1.0806368742875222e-71
2906, 7.615775356320224e-72
2907, 5.365362204908842e-72
2908, 3.778631979251382e-72
2909, 2.6602400459013796e-72
2910, 1.8722239223352692e-72
2911, 1.3171812411385112e-72
2912, 9.263692245338772e-73
2913, 6.512887647929816e-73
2914, 4.577348628338122e-73
2915, 3.2159210946248386e-73
2916, 2.2586441707121882e-73
2917, 1.5857741726530386e-73
2918, 1.1129765269308567e-73
2919, 7.808756173880862e-74
2920, 5.4768262479937316e-74
2921, 3.839965818511539e-74
2922, 2.691392880326768e-74
2923, 1.885724467641571e-74
2924, 1.3207810224808389e-74
2925, 9.247724902700543e-75
2926, 6.472775324930062e-75
2927, 4.528952465123105e-75
2928, 3.1677918881693014e-75
2929, 2.2149668101770155e-75
2930, 1.5482088830175404e-75
2931, 1.0817918090762748e-75
2932, 7.556308407221553e-76
2933, 5.276276719390174e-76
2934, 3.6829634360418906e-76
2935, 2.5699179274287947e-76
2936, 1.792640298149169e-76
2937, 1.2500263297931829e-76
2938, 8.713594021160918e-77
2939, 6.071943026654943e-77
2940, 4.229707251220911e-77
2941, 2.9454064775658996e-77
2942, 2.0503713344822023e-77
2943, 1.4268299330654347e-77
2944, 9.925773447404952e-78
2945, 6.90254126323423e-78
2946, 4.798507979348691e-78
2947, 3.334694381294633e-78
2948, 2.3166397872827333e-78
2949, 1.6088430940467887e-78
2950, 1.116918866652727e-78
2951, 7.751439643823747e-79
2952, 5.3776925442414034e-79
2953, 3.729601872875918e-79
2954, 2.5857226254739792e-79
2955, 1.7920676605621874e-79
2956, 1.241594915034172e-79
2957, 8.599209962764513e-80
2958, 5.953746451557216e-80
2959, 4.120741038462499e-80
2960, 2.8511073131012802e-80
2961, 1.9719918193963147e-80
2962, 1.3634838778269255e-80
2963, 9.424282760013237e-81
2964, 6.511785118928531e-81
2965, 4.49785359985799e-81
2966, 3.105733031856098e-81
2967, 2.1437617961721884e-81
2968, 1.479253422693947e-81
2969, 1.0203809396022675e-81
2970, 7.036162169367098e-82
2971, 4.8502390181441333e-82
2972, 3.3422912211158893e-82
2973, 2.302392337989083e-82
2974, 1.5855075683289957e-82
2975, 1.091468739474206e-82
2976, 7.511182723282114e-83
2977, 5.167249653081362e-83
2978, 3.5535685995732106e-83
2979, 2.4430038576462526e-83
2980, 1.6789503021650682e-83
2981, 1.1534687080949146e-83
2982, 7.921877646483748e-84
2983, 5.438821796870995e-84
2984, 3.7328106702226556e-84
2985, 2.5610707714060823e-84
2986, 1.7565549028116655e-84
2987, 1.204360375288645e-84
2988, 8.254785972536364e-85
2989, 5.656005912234265e-85
2990, 3.874080303760077e-85
2991, 2.652663477801741e-85
2992, 1.8157268725029877e-85
2993, 1.2424352271560288e-85
2994, 8.498688527812206e-86
2995, 5.811457130172663e-86
2996, 3.97258484732472e-86
2997, 2.7146659217195986e-86
2998, 1.8544482347099156e-86
2999, 1.266392125606946e-86
3000, 8.645236910780063e-87
3001, 5.899848448285544e-87
3002, 4.024946576314453e-87
3003, 2.7449519108490846e-87
3004, 1.8713919818306977e-87
3005, 1.2754112408604755e-87
3006, 8.689428547212364e-88
3007, 5.918174148553027e-88
3008, 4.0293951649760733e-88
3009, 2.7425062472018277e-88
3010, 1.8659976060727318e-88
3011, 1.2692006301061076e-88
3012, 8.629890074530942e-89
3013, 5.865919307218783e-89
3014, 3.9858668683314066e-89
3015, 2.7074810435669933e-89
3016, 1.838501716584634e-89
3017, 1.2480117718158086e-89
3018, 8.468946682168295e-90
3019, 5.74508208184066e-90
3020, 3.896002683330803e-90
3021, 2.641182884964532e-90
3022, 1.789921425668572e-90
3023, 1.2126229175585099e-90
3024, 8.212472669160977e-91
3025, 5.560047612044608e-91
3026, 3.7630461035932794e-91
3027, 2.545992210161513e-91
3028, 1.721992089311438e-91
3029, 1.1642917791044291e-91
3030, 7.869536513532537e-92
3031, 5.317324572668264e-92
3032, 3.5916493155578516e-92
3033, 2.425221826009203e-92
3034, 1.6370646999567098e-92
3035, 1.1046815504156996e-92
3036, 7.451870274195644e-93
3037, 5.025166388387732e-93
3038, 3.387603937921342e-93
3039, 2.2829262470833837e-93
3040, 1.5379713664510815e-93
3041, 1.0357663132193051e-93
3042, 6.97320647427926e-94
3043, 4.6931077421121797e-94
3044, 3.157517955280335e-94
3045, 2.123677100961871e-94
3046, 1.4278695675516672e-94
3047, 9.597232931919292e-95
3048, 6.448534463402369e-95
3049, 4.331452470022984e-95
3050, 2.9084638224903077e-95
3051, 1.952321831677017e-95
3052, 1.3100770351520368e-95
3053, 8.788201008841791e-96
3054, 5.8933319142508045e-96
3055, 3.9507508217177255e-96
3056, 2.647623587327973e-96
3057, 1.773743247249597e-96
3058, 1.187909146624914e-96
3059, 7.953049794981271e-97
3060, 5.322825483703977e-97
3061, 3.5613023817889105e-97
3062, 2.381955348755645e-97
3063, 1.5926361587473232e-97
3064, 1.0645296517999043e-97
3065, 7.113072518418264e-98
3066, 4.751328283647659e-98
3067, 3.172716115061141e-98
3068, 2.1179017612994036e-98
3069, 1.4133146976632582e-98
3070, 9.42823615905276e-99
3071, 6.287537497137113e-99
3072, 4.191691664751898e-99
3073, 2.7935517505462134e-99
3074, 1.8611561434884486e-99
3075, 1.2395602542732406e-99
3076, 8.252988949100815e-100
3077, 5.493052118237587e-100
3078, 3.654896276205766e-100
3079, 2.43105799728471e-100
3080, 1.6164957072896808e-100
3081, 1.0745158093189657e-100
3082, 7.140195903616524e-101
3083, 4.743146678728864e-101
3084, 3.149793903383897e-101
3085, 2.091013910574629e-101
3086, 1.3876851875864018e-101
3087, 9.206282034889022e-102
3088, 6.105720727796062e-102
3089, 4.048079006307272e-102
3090, 2.682998642377551e-102
3091, 1.7776710513076652e-102
3092, 1.1774483548082604e-102
3093, 7.796360267198594e-103
3094, 5.16061597520865e-103
3095, 3.4148437858378317e-103
3096, 2.2589147523876275e-103
3097, 1.493786700976073e-103
3098, 9.875000528054656e-104
3099, 6.525976470308156e-104
3100, 4.311354777798778e-104
3101, 2.8473571702422875e-104
3102, 1.8798799112419647e-104
3103, 1.2407328579489053e-104
3104, 8.186278650415276e-105
3105, 5.39951648178038e-105
3106, 3.560273584917493e-105
3107, 2.3467783398528467e-105
3108, 1.5463970527653253e-105
3109, 1.0186623235991393e-105
3110, 6.70810430461396e-106
3111, 4.41600694818055e-106
3112, 2.906163955622269e-106
3113, 1.9119254035020439e-106
3114, 1.257425570452685e-106
3115, 8.26711899932628e-107
3116, 5.4335878403572183e-107
3117, 3.5700955717222433e-107
3118, 2.344950523057656e-107
3119, 1.5397430815092873e-107
3120, 1.0107031509411591e-107
3121, 6.6322334287689644e-108
3122, 4.35067714995026e-108
3123, 2.8530857518786457e-108
3124, 1.8703968053294287e-108
3125, 1.2257832503320103e-108
3126, 8.030723277971553e-109
3127, 5.259648632336488e-109
3128, 3.4436574165554294e-109
3129, 2.2539502681699244e-109
3130, 1.4747891850479617e-109
3131, 9.646656821997378e-110
3132, 6.307903311492694e-110
3133, 4.123391631645651e-110
3134, 2.6945456482329306e-110
3135, 1.7602645893374982e-110
3136, 1.1495605481411167e-110
3137, 7.504941034700688e-111
3138, 4.89806221771416e-111
3139, 3.195677420140147e-111
3140, 2.084314444725737e-111
3141, 1.3590181416138859e-111
3142, 8.858272291655692e-112
3143, 5.772109975602672e-112
3144, 3.759949500646358e-112
3145, 2.4484504220376528e-112
3146, 1.5939054241382247e-112
3147, 1.0372794117018075e-112
3148, 6.748247252742783e-113
3149, 4.388825142489211e-113
3150, 2.8534329815335734e-113
3151, 1.8545956033490162e-113
3152, 1.205016432633154e-113
3153, 7.827065188787477e-114
3154, 5.082380946942751e-114
3155, 3.299117647971951e-114
3156, 2.1408722886757025e-114
3157, 1.3888205407667361e-114
3158, 9.006663924913494e-115
3159, 5.8390781000946285e-115
3160, 3.784313907904968e-115
3161, 2.451842734395877e-115
3162, 1.5880372928653367e-115
3163, 1.0282328092868434e-115
3164, 6.655565086698211e-116
3165, 4.306665812805094e-116
3166, 2.785865945877467e-116
3167, 1.801532509363448e-116
3168, 1.1646270767606637e-116
3169, 7.526526516867322e-117
3170, 4.8625635036444836e-117
3171, 3.1405014365959667e-117
3172, 2.0276629704277575e-117
3173, 1.3087468526433255e-117
3174, 8.444592168246732e-118
3175, 5.4470944127643565e-118
3176, 3.5124840545905145e-118
3177, 2.2642641938292414e-118
3178, 1.4591608146460797e-118
3179, 9.400318805957321e-119
3180, 6.054041797023863e-119
3181, 3.8977295191032814e-119
3182, 2.508658094014851e-119
3183, 1.6141161723286292e-119
3184, 1.038225477677496e-119
3185, 6.675936509559236e-120
3186, 4.291374127930848e-120
3187, 2.7576825271322542e-120
3188, 1.7715601679998445e-120
3189, 1.1377093835200003e-120
3190, 7.304165571949599e-121
3191, 4.687850545724328e-121
3192, 3.0077437085396926e-121
3193, 1.9291760460564954e-121
3194, 1.2369920295334677e-121
3195, 7.929138267549943e-122
3196, 5.08099974091609e-122
3197, 3.2548912947672905e-122
3198, 2.0844331994028963e-122
3199, 1.3344542645712244e-122
3200, 8.540507293305614e-123
3201, 5.464217099842956e-123
3202, 3.4949146222823205e-123
3203, 2.2346503735261573e-123
3204, 1.4283907506273361e-123
3205, 9.127439180295683e-124
3206, 5.830628646685903e-124
3207, 3.723457271067316e-124
3208, 2.377069978540888e-124
3209, 1.5170580604789684e-124
3210, 9.678924946543428e-125
3211, 6.173291277031791e-125
3212, 3.936145870296053e-125
3213, 2.508940785046182e-125
3214, 1.598727668876498e-125
3215, 1.0184119022913963e-125
3216, 6.485409129042317e-126
3217, 4.128727975190824e-126
3218, 2.6276056225122217e-126
3219, 1.6717416324665924e-126
3220, 1.0632692121952655e-126
3221, 6.760556804022328e-127
3222, 4.297213015112555e-127
3223, 2.7305902125195545e-127
3224, 1.734568472476057e-127
3225, 1.101518211353864e-127
3226, 6.992899246278893e-128
3227, 4.438009809828159e-128
3228, 2.8156889995512455e-128
3229, 1.7858566339658804e-128
3230, 1.132332627361897e-128
3231, 7.177397774140903e-129
3232, 4.5480540350978826e-129
3233, 2.881043818095631e-129
3234, 1.824482912634944e-129
3235, 1.155035859376092e-129
3236, 7.309992089028719e-130
3237, 4.624919307447474e-130
3238, 2.9252114705558115e-130
3239, 1.8495934213365604e-130
3240, 1.1691257181772165e-130
3241, 7.38774906151671e-131
3242, 4.666906254759531e-131
3243, 2.9472167775994335e-131
3244, 1.8606350063268553e-131
3245, 1.1742929100003473e-131
3246, 7.40897067066231e-132
3247, 4.673104999543944e-132
3248, 2.946588374077213e-132
3249, 1.8573754971255612e-132
3250, 1.1704323132591018e-132
3251, 7.373255544607764e-133
3252, 4.6434278460671235e-133
3253, 2.9233754161455914e-133
3254, 1.839911755457639e-133
3255, 1.1576464747132165e-133
3256, 7.281510995721905e-134
3257, 4.578610537062697e-134
3258, 2.8781443769048943e-134
3259, 1.8086651377367537e-134
3260, 1.1362411662815338e-134
3261, 7.135915082939011e-135
3262, 4.480182124441247e-135
3263, 2.8119561725017354e-135
3264, 1.7643646572480835e-135
3265, 1.1067132673941439e-135
3266, 6.939830899017933e-136
3267, 4.350405167193381e-136
3268, 2.7263249028178983e-136
3269, 1.7080187828001431e-136
3270, 1.0697316413379888e-136
3271, 6.697677778829701e-137
3272, 4.1921895143902464e-137
3273, 2.6231604416266705e-137
3274, 1.6408773929232945e-137
3275, 1.0261120307500431e-137
3276, 6.414766297236559e-138
3277, 4.008984246810042e-138
3278, 2.5046979064846008e-138
3279, 1.5643858836411452e-138
3280, 9.767872834528356e-139
3281, 6.097105627845632e-139
3282, 3.8046533594827964e-139
3283, 2.373417630300072e-139
3284, 1.4801337718777818e-139
3285, 9.227744185078105e-140
3286, 5.751192967464931e-140
3287, 3.5833414047138437e-140
3288, 2.231959609760664e-140
3289, 1.389800328606203e-140
3290, 8.651401437665232e-141
3291, 5.383795242875988e-141
3292, 3.349335558153568e-141
3293, 2.083036508684244e-141
3294, 1.2950998086797412e-141
3295, 8.049664364676913e-142
3296, 5.001733197496979e-142
3297, 3.1069304180881578e-142
3298, 1.929349149863343e-142
3299, 1.1977287235304276e-142
3300, 7.433177047852538e-143
3301, 4.611677247492039e-143
3302, 2.8603013333904005e-143
3303, 1.773508062606755e-143
3304, 1.099317346314676e-143
3305, 6.812108699685582e-144
3306, 4.2199632840167e-144
3307, 2.6133912324467877e-144
3308, 1.6179641003700284e-144
3309, 1.0013872703471362e-144
3310, 6.1958946515659074e-145
3311, 3.8324349883514984e-145
3312, 2.369814872011612e-145
3313, 1.4649504551446792e-145
3314, 9.053163947319215e-146
3315, 5.593025569839596e-146
3316, 3.45431736038846e-146
3317, 2.1327832240113365e-146
3318, 1.3164376259166612e-146
3319, 8.123122199088622e-147
3320, 5.010889838453291e-147
3321, 3.0901241762043314e-147
3322, 1.905049462025455e-147
3323, 1.1741021060002278e-147
3324, 7.233938366670142e-148
3325, 4.455670909779942e-148
3326, 2.743600127234288e-148
3327, 1.688876784071277e-148
3328, 1.039308790197811e-148
3329, 6.393825179714833e-149
3330, 3.932298488891637e-149
3331, 2.417696579182357e-149
3332, 1.4860271891238482e-149
3333, 9.131064156406969e-150
3334, 5.60900401689659e-150
3335, 3.444449843069657e-150
3336, 2.1145783209184765e-150
3337, 1.297769374060692e-150
3338, 7.962347747386611e-151
3339, 4.88376405708703e-151
3340, 2.99459544578917e-151
3341, 1.8356574298070555e-151
3342, 1.1249031766127126e-151
3343, 6.891419999085129e-152
3344, 4.220582583174194e-152
3345, 2.584081653314804e-152
3346, 1.5816494996973208e-152
3347, 9.677974829370683e-153
3348, 5.920099298240623e-153
3349, 3.62029362880008e-153
3350, 2.2132421945616372e-153
3351, 1.352646975365349e-153
3352, 8.264382474804547e-154
3353, 5.0478542524265264e-154
3354, 3.082291445730526e-154
3355, 1.881529919769437e-154
3356, 1.1482041941884666e-154
3357, 7.0048322600620655e-155
3358, 4.272154993615143e-155
3359, 2.6047554114255334e-155
3360, 1.5876604412437824e-155
3361, 9.674289151023367e-156
3362, 5.893201719605401e-156
3363, 3.58884243883651e-156
3364, 2.1848838628731644e-156
3365, 1.3297599260534137e-156
3366, 8.090755581016274e-157
3367, 4.921255547907443e-157
3368, 2.992497435308051e-157
3369, 1.8191257784290868e-157
3370, 1.1055102653497702e-157
3371, 6.7163602000368314e-158
3372, 4.079212837972588e-158
3373, 2.4767945129489977e-158
3374, 1.5034010558723737e-158
3375, 9.122860333141889e-159
3376, 5.534247026739206e-159
3377, 3.3562741814451895e-159
3378, 2.0348281597367079e-159
3379, 1.2333021814548915e-159
3380, 7.472789549195002e-160
3381, 4.5265522025212547e-160
3382, 2.7410937051316892e-160
3383, 1.6594028696798882e-160
3384, 1.0042721859055456e-160
3385, 6.07606923703833e-161
3386, 3.675070820265439e-161
3387, 2.22218631233936e-161
3388, 1.3432814544473433e-161
3389, 8.117558036933335e-162
3390, 4.904058660659497e-162
3391, 2.961814254518758e-162
3392, 1.788265210260076e-162
3393, 1.0793890806459931e-162
3394, 6.513225801910408e-163
3395, 3.9290387164308613e-163
3396, 2.3694556216843415e-163
3397, 1.428509011834121e-163
3398, 8.609730595192388e-164
3399, 5.187622318021976e-164
3400, 3.124779560970682e-164
3401, 1.8816667276961315e-164
3402, 1.1327611576453213e-164
3403, 6.817204968718717e-165
3404, 4.1015381245523294e-165
3405, 2.4669456913640995e-165
3406, 1.4833543088434267e-165
3407, 8.91667045637264e-166
3408, 5.358374734371406e-166
3409, 3.219111603400864e-166
3410, 1.93335500403498e-166
3411, 1.160806522506397e-166
3412, 6.967560838485235e-167
3413, 4.180944798477867e-167
3414, 2.5080770202860416e-167
3415, 1.5041117825893053e-167
3416, 9.017625675527513e-168
3417, 5.404769500542709e-168
3418, 3.238434153623592e-168
3419, 1.9398400545905959e-168
3420, 1.1616352139721012e-168
3421, 6.954191517768397e-169
3422, 4.161947465908309e-169
3423, 2.4901163921229162e-169
3424, 1.4894154121095168e-169
3425, 8.906051865644774e-170
3426, 5.323874553693237e-170
3427, 3.1815859602940656e-170
3428, 1.9007841443086413e-170
3429, 1.1352598213895818e-170
3430, 6.778460974334359e-171
3431, 4.0461346766290884e-171
3432, 2.4144766368655277e-171
3433, 1.4403868780344005e-171
3434, 8.590309627884291e-172
3435, 5.1216751434921894e-172
3436, 3.0527330308157037e-172
3437, 1.8190274213233944e-172
3438, 1.0835858519213912e-172
3439, 6.452991639184e-173
3440, 3.841781068929322e-173
3441, 2.2865352017396965e-173
3442, 1.3604950880667437e-173
3443, 8.092634157317323e-174
3444, 4.812344586031534e-174
3445, 2.8608655187631627e-174
3446, 1.700247412202226e-174
3447, 1.0101847113938431e-174
3448, 6.000169051437977e-175
3449, 3.562872199876149e-175
3450, 2.1150035551771416e-175
3451, 1.2551513419277499e-175
3452, 7.446552573209277e-176
3453, 4.416605754398164e-176
3454, 2.618763342510503e-176
3455, 1.5523089219786107e-176
3456, 9.19886768581029e-177
3457, 5.449603997860779e-177
3458, 3.2275271797610112e-177
3459, 1.9109498884463096e-177
3460, 1.1311055987054403e-177
3461, 6.693164594462179e-178
3462, 3.959445721974794e-178
3463, 2.3415953908767026e-178
3464, 1.3844074366418323e-178
3465, 8.182587100250865e-179
3466, 4.834950485081138e-179
3467, 2.8560653572137995e-179
3468, 1.6866268314799916e-179
3469, 9.957370282111097e-180
3470, 5.876857157860049e-180
3471, 3.467531967544582e-180
3472, 2.0453644785486517e-180
3473, 1.2061348839799963e-180
3474, 7.110432476670226e-181
3475, 4.190551284109428e-181
3476, 2.4690014470129246e-181
3477, 1.4542752267731424e-181
3478, 8.563414791388181e-182
3479, 5.041067402332947e-182
3480, 2.9666971379200807e-182
3481, 1.7454167590981483e-182
3482, 1.0265977951317121e-182
3483, 6.0363832455763635e-183
3484, 3.5483676483805126e-183
3485, 2.0852387213407745e-183
3486, 1.225062794408847e-183
3487, 7.195092064672703e-184
3488, 4.224641212278717e-184
3489, 2.4798123252382104e-184
3490, 1.4552021897061018e-184
3491, 8.536963862824737e-185
3492, 5.006787511791986e-185
3493, 2.9355570638757883e-185
3494, 1.7206699676159243e-185
3495, 1.0082781383863821e-185
3496, 5.906617927380766e-186
3497, 3.4591803017677712e-186
3498, 2.025271943395759e-186
3499, 1.1854121006278146e-186
3500, 6.936354234529667e-187
3501, 4.057598821005109e-187
3502, 2.37291901354646e-187
3503, 1.387307490646825e-187
3504, 8.108463872269934e-188
3505, 4.737841372430646e-188
3506, 2.767569632257559e-188
3507, 1.6161912195333628e-188
3508, 9.435460711445551e-189
3509, 5.506931757500686e-189
3510, 3.213161321769502e-189
3511, 1.874267840202741e-189
3512, 1.0929671232180803e-189
3513, 6.371752542970274e-190
3514, 3.713531362564242e-190
3515, 2.1636734652853852e-190
3516, 1.2602967169909952e-190
3517, 7.338890180210309e-191
3518, 4.2723271998870856e-191
3519, 2.486424014026693e-191
3520, 1.4466466990683457e-191
3521, 8.414463049391001e-192
3522, 4.892907531274193e-192
3523, 2.844358394558033e-192
3524, 1.653020996609822e-192
3525, 9.603934754771515e-193
3526, 5.57823550135817e-193
3527, 3.2390774898864567e-193
3528, 1.8802808104576637e-193
3529, 1.0911915839591677e-193
3530, 6.33076590354429e-194
3531, 3.671880082263045e-194
3532, 2.1291082696811692e-194
3533, 1.2341957928901282e-194
3534, 7.152328760167948e-195
3535, 4.143697114790772e-195
3536, 2.399969369663053e-195
3537, 1.3896345120390817e-195
3538, 8.04401209906e-196
3539, 4.655025933545793e-196
3540, 2.693077150262307e-196
3541, 1.5575888177721612e-196
3542, 9.006047145148888e-197
3543, 5.2058663712055435e-197
3544, 3.0083561874302763e-197
3545, 1.7379727706237997e-197
3546, 1.0037699476164543e-197
3547, 5.795660706842527e-198
3548, 3.34540956244347e-198
3549, 1.930515295552377e-198
3550, 1.1137169930410517e-198
3551, 6.423239655725138e-199
3552, 3.703489531223165e-199
3553, 2.134744317449766e-199
3554, 1.2301509178799993e-199
3555, 7.086776595816764e-200
3556, 4.081473135051978e-200
3557, 2.34997384891559e-200
3558, 1.352654986669918e-200
3559, 7.783752213305242e-201
3560, 4.4778439698732684e-201
3561, 2.5752947066274988e-201
3562, 1.4806860076334446e-201
3563, 8.510931640849485e-202
3564, 4.8906812571230295e-202
3565, 2.809569485160013e-202
3566, 1.6135721552540317e-202
3567, 9.264355968469239e-203
3568, 5.317657237516097e-203
3569, 3.051432340269064e-203
3570, 1.7505135666249583e-203
3571, 1.0039349718416218e-203
3572, 5.756043735573795e-204
3573, 3.299294030338181e-204
3574, 1.890585946881056e-204
3575, 1.0830545508229178e-204
3576, 6.202728523748314e-205
3577, 3.5513525347020036e-205
3578, 2.0327473423928683e-205
3579, 1.163192667565365e-205
3580, 6.654241852432602e-206
3581, 3.805609414630861e-206
3582, 2.1758481521987008e-206
3583, 1.243688812649237e-206
3584, 7.106793215074025e-207
3585, 4.059891912005887e-207
3586, 2.318644349072581e-207
3587, 1.3238315101533713e-207
3588, 7.556318095858212e-208
3589, 4.311880596355042e-208
3590, 2.459813777522739e-208
3591, 1.4028678965106567e-208
3592, 7.998534109312463e-209
3593, 4.559142180849685e-209
3594, 2.5979752883624384e-209
3595, 1.4800148513472897e-209
3596, 8.429005605010296e-210
3597, 4.799166938856838e-210
3598, 2.7317103642965806e-210
3599, 1.5544714715496545e-210
3600, 8.843215482540163e-211
3601, 5.0294099717344225e-211
3602, 2.8595867912573407e-211
3603, 1.6254326251724792e-211
3604, 9.2366426647142e-212
3605, 5.247335416734178e-212
3606, 2.9801838417731734e-212
3607, 1.6921032736273135e-212
3608, 9.604843415658873e-213
3609, 5.4504625423344106e-213
3610, 3.092118361988132e-213
3611, 1.7537132111203377e-213
3612, 9.943534486077936e-214
3613, 5.636412573329223e-214
3614, 3.194071098549912e-214
3615, 1.8095318422704707e-214
3616, 1.0248675920879617e-214
3617, 5.802955014078829e-215
3618, 3.284812567402785e-215
3619, 1.858882602378744e-215
3620, 1.0516551297476891e-215
3621, 5.948052211320534e-216
3622, 3.3632277550537275e-216
3623, 1.9011566222301284e-216
3624, 1.0743843163172277e-216
3625, 6.069900909832637e-217
3626, 3.428338958456043e-217
3627, 1.9358252514168053e-217
3628, 1.0927701529539397e-217
3629, 6.166969614899278e-218
3630, 3.4793261078022475e-218
3631, 1.9624510792569194e-218
3632, 1.1065803442463139e-218
3633, 6.238030677197454e-219
3634, 3.5155439809748554e-219
3635, 1.9806971315132744e-219
3636, 1.1156401884857385e-219
3637, 6.282186158996078e-220
3638, 3.536535803621026e-220
3639, 1.990333972483196e-220
3640, 1.1198362570388983e-220
3641, 6.298886719069791e-221
3642, 3.5420428338047313e-221
3643, 1.9912445027708872e-221
3644, 1.1191187545834677e-221
3645, 6.287942961269899e-222
3646, 3.5320096502132145e-222
3647, 1.983426313030408e-222
3648, 1.1135024915233463e-222
3649, 6.249528919267107e-223
3650, 3.5065849936036855e-223
3651, 1.966991527499851e-223
3652, 1.103066442588558e-223
3653, 6.184177592169957e-224
3654, 3.4661181468966795e-224
3655, 1.9421641490582601e-224
3656, 1.0879519084442468e-224
3657, 6.092768686077607e-225
3658, 3.411150975686341e-225
3659, 1.90927499268959e-225
3660, 1.0683593401675158e-225
3661, 5.976508955671931e-226
3662, 3.342405882344017e-226
3663, 1.8687543672038206e-226
3664, 1.0445439257709556e-226
3665, 5.836905757114082e-227
3666, 3.2607700465325358e-227
3667, 1.8211227311936067e-227
3668, 1.0168100745590609e-227
3669, 5.675734621678757e-228
3670, 3.167276431944135e-228
3671, 1.766979605731543e-228
3672, 9.855049652864071e-229
3673, 5.495001821126872e-229
3674, 3.063082125665475e-229
3675, 1.7069910730320173e-229
3676, 9.510113486249734e-230
3677, 5.296903024163161e-230
3678, 2.9494446420617288e-230
3679, 1.6418762236869052e-230
3680, 9.13739811443525e-231
3681, 5.0837792280364935e-231
3682, 2.827696865551641e-231
3683, 1.5723929352885544e-231
3684, 8.741207197283394e-232
3685, 4.8580711913088624e-232
3686, 2.6992213238725106e-232
3687, 1.4993233716604966e-232
3688, 8.32596058882215e-233
3689, 4.622273593373706e-233
3690, 2.565424476748079e-233
3691, 1.4234595850332709e-233
3692, 7.896113841130371e-234
3693, 4.3788901019828234e-234
3694, 2.42771167539e-234
3695, 1.345589583549998e-234
3696, 7.456080809227634e-235
3697, 4.130390451013727e-235
3698, 2.2874633974181604e-235
3699, 1.2664841951605283e-235
3700, 7.010161166741197e-236
3701, 3.879170513224896e-236
3702, 2.1460132931152775e-236
3703, 1.1868850187131933e-236
3704, 6.56247440152832e-237
3705, 3.6275162143842846e-237
3706, 2.0046284962438927e-237
3707, 1.1074937038886131e-237
3708, 6.1169015791965466e-238
3709, 3.377571969302064e-238
3710, 1.86449255878845e-238
3711, 1.0289627487020933e-238
3712, 5.6770358548901495e-239
3713, 3.131314147804888e-239
3714, 1.7266912694458782e-239
3715, 9.518879461144502e-240
3716, 5.246142394081785e-240
3717, 2.8905298959169403e-240
3718, 1.5922015134043257e-240
3719, 8.768025543028816e-241
3720, 4.8271280408930665e-241
3721, 2.6568014586756273e-241
3722, 1.4618832314277582e-241
3723, 8.041732092303387e-242
3724, 4.422520763979118e-242
3725, 2.431495979765196e-242
3726, 1.3364744408336567e-242
3727, 7.343975462380659e-243
3728, 4.0344586231137814e-243
3729, 2.215760595362608e-243
3730, 1.2165891955240726e-243
3731, 6.678034501300278e-244
3732, 3.6646877434896e-244
3733, 2.0105225016485083e-244
3734, 1.1027182869242808e-244
3735, 6.0464981301678056e-245
3736, 3.314568568144282e-245
3737, 1.81649355835743e-245
3738, 9.95232425765342e-246
3739, 5.451286461509009e-246
3740, 2.985089484835822e-246
3741, 1.6341789000080547e-246
3742, 8.94387596790708e-247
3743, 4.893683671457131e-247
3744, 2.6768867946506597e-247
3745, 1.463888960071153e-247
3746, 8.00332245119705e-248
3747, 4.374380672550523e-248
3748, 2.3902699085809602e-248
3749, 1.3057542738793203e-248
3750, 7.131159341114526e-249
3751, 3.8935255480121627e-249
3752, 2.125250618956549e-249
3753, 1.1597424107702448e-249
3754, 6.326991095522862e-250
3755, 3.45077969736325e-250
3756, 1.8815752982468066e-250
3757, 1.0256763936121042e-250
3758, 5.589636120590821e-251
3759, 3.04537770017826e-251
3760, 1.6587589175472842e-251
3761, 9.032539917908683e-252
3762, 4.917235978718045e-252
3763, 2.6761890205758853e-252
3764, 1.456119849658396e-252
3765, 7.920673179589657e-253
3766, 4.3073655527820115e-253
3767, 2.3417798386217554e-253
3768, 1.2728145195054322e-253
3769, 6.916222170212394e-254
3770, 3.757141380529259e-254
3771, 2.0404734943871453e-254
3772, 1.1078710807234009e-254
3773, 6.013570032656753e-255
3774, 3.263325762298488e-255
3775, 1.770408254615637e-255
3776, 9.602214262298655e-256
3777, 5.2066017498432803e-256
3778, 2.8224246648318353e-256
3779, 1.5295913505099454e-256
3780, 8.287309750901588e-257
3781, 4.488868122140561e-257
3782, 2.4307778725885458e-257
3783, 1.3159484755704747e-257
3784, 7.122258134152418e-258
3785, 3.8537343880514956e-258
3786, 2.0846402606230473e-258
3787, 1.1273681684139206e-258
3788, 6.095168978078122e-259
3789, 3.294512026165552e-259
3790, 1.7802534642642426e-259
3791, 9.617407266671511e-260
3792, 5.194211519551976e-260
3793, 2.8045729480838682e-260
3794, 1.5139075903198203e-260
3795, 8.169915006540326e-261
3796, 4.4077939761362375e-261
3797, 2.377445894941655e-261
3798, 1.2819929417680531e-261
3799, 6.911085929838432e-262
3800, 3.724711574809931e-262
3801, 2.0068953710135817e-262
3802, 1.0810420094239984e-262
3803, 5.821651420741619e-263
3804, 3.1342644873024028e-263
3805, 1.686983881733884e-263
3806, 9.077622148684265e-264
3807, 4.883364896371778e-264
3808, 2.626347507279768e-264
3809, 1.412118586222585e-264
3810, 7.5906006944629e-265
3811, 4.07912627190559e-265
3812, 2.191513799816631e-265
3813, 1.1770837298728027e-265
3814, 6.320575455660361e-266
3815, 3.3930638356862706e-266
3816, 1.821015391907787e-266
3817, 9.770603936642655e-267
3818, 5.241015417043403e-267
3819, 2.810578573997067e-267
3820, 1.5068232773690375e-267
3821, 8.07635192896628e-268
3822, 4.3276736657369147e-268
3823, 2.318356177726142e-268
3824, 1.2416300868150837e-268
3825, 6.647995863510539e-269
3826, 3.558571753406821e-269
3827, 1.9043519600085888e-269
3828, 1.0188382482029534e-269
3829, 5.449414291748491e-270
3830, 2.9139426813247675e-270
3831, 1.557753748722062e-270
3832, 8.32536450255637e-271
3833, 4.448303287583036e-271
3834, 2.3761411405681424e-271
3835, 1.2689275243512838e-271
3836, 6.774670411586136e-272
3837, 3.6159825391954805e-272
3838, 1.929528983907657e-272
3839, 1.0293501846996814e-272
3840, 5.489867651729556e-273
3841, 2.927167131139162e-273
3842, 1.5603431245616213e-273
3843, 8.31533364326169e-274
3844, 4.4302297870388624e-274
3845, 2.3597166720076143e-274
3846, 1.2565521955997743e-274
3847, 6.689417459287075e-275
3848, 3.560272078123758e-275
3849, 1.8943718409911722e-275
3850, 1.007707410480594e-275
3851, 5.359087968511308e-276
3852, 2.8492762615499613e-276
3853, 1.5144868371816903e-276
3854, 8.04792175026569e-277
3855, 4.275523669131234e-277
3856, 2.270817550406749e-277
3857, 1.205764672867381e-277
3858, 6.400741446404692e-278
3859, 3.396921088958201e-278
3860, 1.8023042461624865e-278
3861, 9.560008019022243e-279
3862, 5.0696262099543095e-279
3863, 2.6877024276526566e-279
3864, 1.424537932666111e-279
3865, 7.548392460815584e-280
3866, 3.9987345472785895e-280
3867, 2.117767869873139e-280
3868, 1.1213000510588938e-280
3869, 5.935441986519974e-281
3870, 3.141029764444352e-281
3871, 1.6618002990270487e-281
3872, 8.789687532067567e-282
3873, 4.647890541082275e-282
3874, 2.4571192122217706e-282
3875, 1.2986271346142169e-282
3876, 6.861683105534002e-283
3877, 3.624639411943488e-283
3878, 1.9141984310699615e-283
3879, 1.0106415021474229e-283
3880, 5.3345200937961404e-284
3881, 2.815021167752248e-284
3882, 1.4851013270404257e-284
3883, 7.832829043966642e-285
3884, 4.130183800737584e-285
3885, 2.1772500447640595e-285
3886, 1.1474544754637874e-285
3887, 6.045759623798495e-286
3888, 3.1845976619077667e-286
3889, 1.6770522014869228e-286
3890, 8.829313389801087e-287
3891, 4.6472459065472385e-287
3892, 2.445416139921675e-287
3893, 1.2864660299387197e-287
3894, 6.766005211433351e-288
3895, 3.557581174063091e-288
3896, 1.8701042721972247e-288
3897, 9.828005002478045e-289
3898, 5.163610632391843e-289
3899, 2.7122530328697185e-289
3900, 1.4242805670084031e-289
3901, 7.477381700130076e-290
3902, 3.924571430513616e-290
3903, 2.0593190596219538e-290
3904, 1.0802985230783652e-290
3905, 5.6656885410180465e-291
3906, 2.9706426349255274e-291
3907, 1.5571733084965902e-291
3908, 8.160416928906627e-292
3909, 4.27539879007206e-292
3910, 2.239390465996128e-292
3911, 1.1726595945685928e-292
3912, 6.139076814140938e-293
3913, 3.213092081605881e-293
3914, 1.681250021240792e-293
3915, 8.7948915542593e-294
3916, 4.599575562617678e-294
3917, 2.4048840317145676e-294
3918, 1.257070570933607e-294
3919, 6.56922819413904e-295
3920, 3.4320865667446182e-295
3921, 1.7926328203710783e-295
3922, 9.360815951406151e-296
3923, 4.886808837199803e-296
3924, 2.5505057335875163e-296
3925, 1.330811654111186e-296
3926, 6.942186112095247e-297
3927, 3.620472920215035e-297
3928, 1.88766001542077e-297
3929, 9.839469869142425e-298
3930, 5.127540532321154e-298
3931, 2.671382093662878e-298
3932, 1.3914014567106018e-298
3933, 7.24533481654417e-299
3934, 3.771846899936775e-299
3935, 1.9630857563080463e-299
3936, 1.0214429951436681e-299
3937, 5.3134753722729884e-300
3938, 2.7633310214433004e-300
3939, 1.4367357024364446e-300
3940, 7.46810842282683e-301
3941, 3.880915008861726e-301
3942, 2.0162643171401464e-301
3943, 1.0472506521712199e-301
3944, 5.438056124850983e-302
3945, 2.8231023938581846e-302
3946, 1.4652087436856388e-302
3947, 7.602603260855614e-303
3948, 3.943802299463962e-303
3949, 2.0453044085357174e-303
3950, 1.0604515009279898e-303
3951, 5.496848073677878e-304
3952, 2.8485690422279225e-304
3953, 1.4758080947375061e-304
3954, 7.644043950479184e-305
3955, 3.9582811657579697e-305
3956, 2.049180947287704e-305
3957, 1.0605819004404607e-305
3958, 5.487801243299742e-306
3959, 2.8388524744295385e-306
3960, 1.4681742090054254e-306
3961, 7.59106483220546e-307
3962, 3.9239022656061875e-307
3963, 2.0277950643333477e-307
3964, 1.0476600130626789e-307
3965, 5.411368743373049e-308
3966, 2.794372966820092e-308
3967, 1.442620578791982e-308
3968, 7.4457836324624e-309
3969, 3.842016850425896e-309
3970, 1.98197745835024e-309
3971, 1.02218328750957e-309
3972, 5.27047173418726e-310
3973, 2.7168200633215e-310
3974, 1.40011260434833e-310
3975, 7.2136619213076e-311
3976, 3.71568903794e-311
3977, 1.9134350389e-311
3978, 9.850967721632e-312
3979, 5.070314625247e-312
3980, 2.609046319723e-312
3981, 1.342207199895e-312
3982, 6.90316510646e-313
3983, 3.5495059347e-313
3984, 1.82464562106e-313
3985, 9.3773506445e-314
3986, 4.818066764e-314
3987, 2.474893587e-314
3988, 1.270958392e-314
3989, 6.525251406e-315
3990, 3.349301976e-315
3991, 1.71870971e-315
3992, 8.81742857e-316
3993, 4.5224377e-316
3994, 2.31896652e-316
3995, 1.18879684e-316
3996, 6.0927326e-317
3997, 3.1218205e-317
3998, 1.599172e-317
3999, 8.189805e-318
